ID,LABEL,Parent,definition,PMID,has microbe depleted in diseased host,has microbe expanded in diseased host,term editor,microbe label,Rank,Localization,No.
ID,A rdfs:label,C %,A definition SPLIT=|,A definition source SPLIT=|,C 'has microbe depleted in diseased host' some % SPLIT=|,C 'has microbe expanded in diseased host' some % SPLIT=|,A term editor SPLIT=|,,,,
OHMI:0000672,MDD human gut microbiome interaction,human-gut microbiome interaction,Human gut microbiome interaction where a person has Major Depressive Disorder (MDD).,,,,Haihe Wang|Jie Zheng|Yongqun He,,,,
OHMI:0000673,bacterial change in gut of MDD patient compared to healthy human,MDD human gut microbiome interaction,MDD human gut microbiome interaction that shows an change of bacteria in patients with MDD compared to healthy controls.,,,,Haihe Wang|Jie Zheng|Yongqun He,,,,
OHMI:0000674,bacterial change in gut of active-phase MDD patient compared to remission-phase MDD patient,MDD human gut microbiome interaction,MDD human gut microbiome interaction that shows an change of bacteria in patients with active-phase MDD compared to those with remission-phase MDD.,,,,Haihe Wang|Jie Zheng|Yongqun He,,,,
OHMI:0000675,bacterial change in gut of active-phase MDD patient compared to healthy human,MDD human gut microbiome interaction,MDD human gut microbiome interaction that shows an change of bacteria in patients with active-phase MDD compared to healthy controls.,,,,Haihe Wang|Jie Zheng|Yongqun He,,,,
OHMI:0000676,bacterial change in gut of female MDD patient compared to healthy human,MDD human gut microbiome interaction,MDD human gut microbiome interaction that shows an change of bacteria in female patients with MDD compared to healthy controls.,,,,Haihe Wang|Jie Zheng|Yongqun He,,,,
OHMI:0000677,bacterial change in gut of adolescent MDD patient compared to healthy human,MDD human gut microbiome interaction,MDD human gut microbiome interaction that shows an change of bacteria in adolescent patients with MDD compared to healthy controls.,,,,Haihe Wang|Jie Zheng|Yongqun He,,,,
OHMI:0000678,expansion of Acinetobacter sp. in gut of MDD patient compared to healthy human,bacterial change in gut of MDD patient compared to healthy human,Acinetobacter sp. up-regulated in gut of MDD patient compared to healthy human,PMID:41173853,,http://purl.obolibrary.org/obo/NCBITaxon_472,Haihe Wang|Jie Zheng|Yongqun He,Acinetobacter sp. ,species,Gut,1
OHMI:0000679,expansion of Bacteroides fragilis in gut of MDD patient compared to healthy human,bacterial change in gut of MDD patient compared to healthy human,Bacteroides fragilis up-regulated in gut of MDD patient compared to healthy human,PMID:33268363,,http://purl.obolibrary.org/obo/NCBITaxon_817,Haihe Wang|Jie Zheng|Yongqun He,Bacteroides fragilis,species,Gut,2
OHMI:0000680,expansion of Bacteroides thetaiotaomicron in gut of MDD patient compared to healthy human,bacterial change in gut of MDD patient compared to healthy human,Bacteroides thetaiotaomicron up-regulated in gut of MDD patient compared to healthy human,PMID:33268363|PMID:34093266,,http://purl.obolibrary.org/obo/NCBITaxon_818,Haihe Wang|Jie Zheng|Yongqun He,Bacteroides thetaiotaomicron ,species,Gut,3
OHMI:0000681,expansion of Phocaeicola vulgatus in gut of MDD patient compared to healthy human,bacterial change in gut of MDD patient compared to healthy human,Phocaeicola vulgatus up-regulated in gut of MDD patient compared to healthy human,PMID:33268363,,http://purl.obolibrary.org/obo/NCBITaxon_821,Haihe Wang|Jie Zheng|Yongqun He,Phocaeicola vulgatus,species,Gut,4
OHMI:0000682,expansion of Nitrobacter hamburgensis in gut of MDD patient compared to healthy human,bacterial change in gut of MDD patient compared to healthy human,Nitrobacter hamburgensis up-regulated in gut of MDD patient compared to healthy human,PMID:41173853,,http://purl.obolibrary.org/obo/NCBITaxon_912,Haihe Wang|Jie Zheng|Yongqun He,Nitrobacter hamburgensis,species,Gut,5
OHMI:0000683,expansion of Trueperella pyogenes in gut of MDD patient compared to healthy human,bacterial change in gut of MDD patient compared to healthy human,Trueperella pyogenes up-regulated in gut of MDD patient compared to healthy human,PMID:39719433,,http://purl.obolibrary.org/obo/NCBITaxon_1661,Haihe Wang|Jie Zheng|Yongqun He,Trueperella pyogenes,species,Gut,6
OHMI:0000684,expansion of Bacteroides eggerthii in gut of MDD patient compared to healthy human,bacterial change in gut of MDD patient compared to healthy human,Bacteroides eggerthii up-regulated in gut of MDD patient compared to healthy human,PMID:33268363,,http://purl.obolibrary.org/obo/NCBITaxon_28111,Haihe Wang|Jie Zheng|Yongqun He,Bacteroides eggerthii,species,Gut,7
OHMI:0000685,expansion of Bacteroides ovatus in gut of MDD patient compared to healthy human,bacterial change in gut of MDD patient compared to healthy human,Bacteroides ovatus up-regulated in gut of MDD patient compared to healthy human,PMID:33268363,,http://purl.obolibrary.org/obo/NCBITaxon_28116,Haihe Wang|Jie Zheng|Yongqun He,Bacteroides ovatus,species,Gut,8
OHMI:0000686,expansion of Phascolarctobacterium faecium in gut of MDD patient compared to healthy human,bacterial change in gut of MDD patient compared to healthy human,Phascolarctobacterium faecium up-regulated in gut of MDD patient compared to healthy human,PMID:39719433,,http://purl.obolibrary.org/obo/NCBITaxon_33025,Haihe Wang|Jie Zheng|Yongqun He,Phascolarctobacterium faecium ,species,Gut,9
OHMI:0000687,expansion of Bilophila wadsworthia in gut of MDD patient compared to healthy human,bacterial change in gut of MDD patient compared to healthy human,Bilophila wadsworthia up-regulated in gut of MDD patient compared to healthy human,PMID:39719433,,http://purl.obolibrary.org/obo/NCBITaxon_35833,Haihe Wang|Jie Zheng|Yongqun He,Bilophila wadsworthia,species,Gut,10
OHMI:0000688,expansion of Bifidobacterium sp. in gut of MDD patient compared to healthy human,bacterial change in gut of MDD patient compared to healthy human,Bifidobacterium sp. up-regulated in gut of MDD patient compared to healthy human,PMID:39217732,,http://purl.obolibrary.org/obo/NCBITaxon_41200,Haihe Wang|Jie Zheng|Yongqun He,Bifidobacterium sp.,species,Gut,11
OHMI:0000689,expansion of Vibrio scophthalmi in gut of MDD patient compared to healthy human,bacterial change in gut of MDD patient compared to healthy human,Vibrio scophthalmi up-regulated in gut of MDD patient compared to healthy human,PMID:41173853,,http://purl.obolibrary.org/obo/NCBITaxon_45658,Haihe Wang|Jie Zheng|Yongqun He,Vibrio scophthalmi,species,Gut,12
OHMI:0000690,expansion of Bacteroides stercoris in gut of MDD patient compared to healthy human,bacterial change in gut of MDD patient compared to healthy human,Bacteroides stercoris up-regulated in gut of MDD patient compared to healthy human,PMID:33268363,,http://purl.obolibrary.org/obo/NCBITaxon_46506,Haihe Wang|Jie Zheng|Yongqun He,Bacteroides stercoris,species,Gut,13
OHMI:0000691,expansion of Rhodococcus pyridinivorans in gut of MDD patient compared to healthy human,bacterial change in gut of MDD patient compared to healthy human,Rhodococcus pyridinivorans up-regulated in gut of MDD patient compared to healthy human,PMID:41173853,,http://purl.obolibrary.org/obo/NCBITaxon_103816,Haihe Wang|Jie Zheng|Yongqun He,Rhodococcus pyridinivorans,species,Gut,14
OHMI:0000692,expansion of Phocaeicola massiliensis in gut of MDD patient compared to healthy human,bacterial change in gut of MDD patient compared to healthy human,Phocaeicola massiliensis up-regulated in gut of MDD patient compared to healthy human,PMID:33268363,,http://purl.obolibrary.org/obo/NCBITaxon_204516,Haihe Wang|Jie Zheng|Yongqun He,Phocaeicola massiliensis,species,Gut,15
OHMI:0000693,expansion of Phocaeicola dorei in gut of MDD patient compared to healthy human,bacterial change in gut of MDD patient compared to healthy human,Phocaeicola dorei up-regulated in gut of MDD patient compared to healthy human,PMID:33268363,,http://purl.obolibrary.org/obo/NCBITaxon_357276,Haihe Wang|Jie Zheng|Yongqun He,Phocaeicola dorei,species,Gut,16
OHMI:0000694,expansion of Enterocloster aldensis in gut of MDD patient compared to healthy human,bacterial change in gut of MDD patient compared to healthy human,Enterocloster aldensis up-regulated in gut of MDD patient compared to healthy human,PMID:39719433,,http://purl.obolibrary.org/obo/NCBITaxon_358742,Haihe Wang|Jie Zheng|Yongqun He,Enterocloster aldensis,species,Gut,17
OHMI:0000695,expansion of Leptospira kmetyi in gut of MDD patient compared to healthy human,bacterial change in gut of MDD patient compared to healthy human,Leptospira kmetyi up-regulated in gut of MDD patient compared to healthy human,PMID:41173853,,http://purl.obolibrary.org/obo/NCBITaxon_408139,Haihe Wang|Jie Zheng|Yongqun He,Leptospira kmetyi,species,Gut,18
OHMI:0000696,expansion of Flavonifractor plautii ATCC29863 in gut of MDD patient compared to healthy human,bacterial change in gut of MDD patient compared to healthy human,Flavonifractor plautii ATCC29863 up-regulated in gut of MDD patient compared to healthy human,PMID:39719433,,http://purl.obolibrary.org/obo/NCBITaxon_411475,Haihe Wang|Jie Zheng|Yongqun He,Flavonifractor plautii ATCC29863,species,Gut,19
OHMI:0000697,expansion of Dysosmobacter welbionis in gut of MDD patient compared to healthy human,bacterial change in gut of MDD patient compared to healthy human,Dysosmobacter welbionis up-regulated in gut of MDD patient compared to healthy human,PMID:39719433,,http://purl.obolibrary.org/obo/NCBITaxon_2093857,Haihe Wang|Jie Zheng|Yongqun He,Dysosmobacter welbionis,species,Gut,20
OHMI:0000698,expansion of Bifidobacterium longum in gut of MDD patient compared to healthy human,bacterial change in gut of MDD patient compared to healthy human,Bifidobacterium longum up-regulated in gut of MDD patient compared to healthy human,PMID:31685046,,http://purl.obolibrary.org/obo/NCBITaxon_216816,Haihe Wang|Jie Zheng|Yongqun He,Bifidobacterium longum,species,Gut,21
OHMI:0000699,expansion of Prevotella intermedia 17 in gut of MDD patient compared to healthy human,bacterial change in gut of MDD patient compared to healthy human,Prevotella intermedia 17 up-regulated in gut of MDD patient compared to healthy human,PMID:30927646,,http://purl.obolibrary.org/obo/NCBITaxon_246198,Haihe Wang|Jie Zheng|Yongqun He,Prevotella intermedia 17,species,Gut,22
OHMI:0000700,expansion of Akkermansia muciniphila ATCC BAA-835 in gut of MDD patient compared to healthy human,bacterial change in gut of MDD patient compared to healthy human,Akkermansia muciniphila ATCC BAA-835 up-regulated in gut of MDD patient compared to healthy human,PMID:30927646,,http://purl.obolibrary.org/obo/NCBITaxon_349741,Haihe Wang|Jie Zheng|Yongqun He,Akkermansia muciniphila ATCC BAA-835,species,Gut,23
OHMI:0000701,expansion of Bifidobacterium adolescentis ATCC 15703 in gut of MDD patient compared to healthy human,bacterial change in gut of MDD patient compared to healthy human,Bifidobacterium adolescentis ATCC 15703 up-regulated in gut of MDD patient compared to healthy human,PMID:30927646,,http://purl.obolibrary.org/obo/NCBITaxon_367928,Haihe Wang|Jie Zheng|Yongqun He,Bifidobacterium adolescentis ATCC 15703,species,Gut,24
OHMI:0000702,expansion of Eubacterium rectale ATCC 33656 in gut of MDD patient compared to healthy human,bacterial change in gut of MDD patient compared to healthy human,Eubacterium rectale ATCC 33656 up-regulated in gut of MDD patient compared to healthy human,PMID:30927646,,http://purl.obolibrary.org/obo/NCBITaxon_515619,Haihe Wang|Jie Zheng|Yongqun He,Eubacterium rectale ATCC 33656,species,Gut,25
OHMI:0000703,expansion of Prevotella melaninogenica ATCC25845 in gut of MDD patient compared to healthy human,bacterial change in gut of MDD patient compared to healthy human,Prevotella melaninogenica ATCC25845 up-regulated in gut of MDD patient compared to healthy human,PMID:30927646,,http://purl.obolibrary.org/obo/NCBITaxon_553174,Haihe Wang|Jie Zheng|Yongqun He,Prevotella melaninogenica ATCC25845,species,Gut,26
OHMI:0000704,expansion of Clostridium saccharolyticum wm1 in gut of MDD patient compared to healthy human,bacterial change in gut of MDD patient compared to healthy human,Clostridium saccharolyticum wm1 up-regulated in gut of MDD patient compared to healthy human,PMID:30927646,,http://purl.obolibrary.org/obo/NCBITaxon_610130,Haihe Wang|Jie Zheng|Yongqun He,Clostridium saccharolyticum wm1,species,Gut,27
OHMI:0000705,expansion of Oscillibacter valericigenes sjm18-20 in gut of MDD patient compared to healthy human,bacterial change in gut of MDD patient compared to healthy human,Oscillibacter valericigenes sjm18-20 up-regulated in gut of MDD patient compared to healthy human,PMID:30927646,,http://purl.obolibrary.org/obo/NCBITaxon_693746,Haihe Wang|Jie Zheng|Yongqun He,Oscillibacter valericigenes sjm18-20,species,Gut,28
OHMI:0000706,expansion of Prevotella denticola F0289 in gut of MDD patient compared to healthy human,bacterial change in gut of MDD patient compared to healthy human,Prevotella denticola F0289 up-regulated in gut of MDD patient compared to healthy human,PMID:30927646,,http://purl.obolibrary.org/obo/NCBITaxon_767031,Haihe Wang|Jie Zheng|Yongqun He,Prevotella denticola F0289,species,Gut,29
OHMI:0000707,expansion of Megasphaera elsdenii DSM20460 in gut of MDD patient compared to healthy human,bacterial change in gut of MDD patient compared to healthy human,Megasphaera elsdenii DSM20460 up-regulated in gut of MDD patient compared to healthy human,PMID:30927646,,http://purl.obolibrary.org/obo/NCBITaxon_1064535,Haihe Wang|Jie Zheng|Yongqun He,Megasphaera elsdenii DSM20460,species,Gut,30
OHMI:0000708,expansion of Escherichia coli in gut of MDD patient compared to healthy human,bacterial change in gut of MDD patient compared to healthy human,Escherichia coli up-regulated in gut of MDD patient compared to healthy human,PMID:30927646|PMID:39719433,,http://purl.obolibrary.org/obo/NCBITaxon_562,Haihe Wang|Jie Zheng|Yongqun He,Escherichia coli,species,Gut,31
OHMI:0000709,expansion of Bacteroides uniformis in gut of MDD patient compared to healthy human,bacterial change in gut of MDD patient compared to healthy human,Bacteroides uniformis up-regulated in gut of MDD patient compared to healthy human,PMID:34093266,,http://purl.obolibrary.org/obo/NCBITaxon_820,Haihe Wang|Jie Zheng|Yongqun He,Bacteroides uniformis,species,Gut,32
OHMI:0000710,expansion of Selenomonas ruminantium in gut of MDD patient compared to healthy human,bacterial change in gut of MDD patient compared to healthy human,Selenomonas ruminantium up-regulated in gut of MDD patient compared to healthy human,PMID:30927646,,http://purl.obolibrary.org/obo/NCBITaxon_971,Haihe Wang|Jie Zheng|Yongqun He,Selenomonas ruminantium,species,Gut,33
OHMI:0000711,expansion of Bifidobacterium breve in gut of MDD patient compared to healthy human,bacterial change in gut of MDD patient compared to healthy human,Bifidobacterium breve up-regulated in gut of MDD patient compared to healthy human,PMID:31685046,,http://purl.obolibrary.org/obo/NCBITaxon_1685,Haihe Wang|Jie Zheng|Yongqun He, Bifidobacterium breve,species,Gut,34
OHMI:0000712,expansion of Bifidobacterium dentium in gut of MDD patient compared to healthy human,bacterial change in gut of MDD patient compared to healthy human,Bifidobacterium dentium up-regulated in gut of MDD patient compared to healthy human,PMID:31685046,,http://purl.obolibrary.org/obo/NCBITaxon_1689,Haihe Wang|Jie Zheng|Yongqun He,Bifidobacterium dentium,species,Gut,35
OHMI:0000713,expansion of Ruminococcus torques in gut of MDD patient compared to healthy human,bacterial change in gut of MDD patient compared to healthy human,Ruminococcus torques up-regulated in gut of MDD patient compared to healthy human,PMID:40717539,,http://purl.obolibrary.org/obo/NCBITaxon_33039,Haihe Wang|Jie Zheng|Yongqun He,Ruminococcus torques,species,Gut,36
OHMI:0000714,expansion of Pseudoflavonifractor capillosus in gut of MDD patient compared to healthy human,bacterial change in gut of MDD patient compared to healthy human,Pseudoflavonifractor capillosus up-regulated in gut of MDD patient compared to healthy human,PMID:32867257,,http://purl.obolibrary.org/obo/NCBITaxon_106588,Haihe Wang|Jie Zheng|Yongqun He,Pseudoflavonifractor capillosus,species,Gut,37
OHMI:0000715,expansion of Enterocloster citroniae  in gut of MDD patient compared to healthy human,bacterial change in gut of MDD patient compared to healthy human,Enterocloster citroniae up-regulated in gut of MDD patient compared to healthy human,PMID:32867257,,http://purl.obolibrary.org/obo/NCBITaxon_358743,Haihe Wang|Jie Zheng|Yongqun He,Enterocloster citroniae ,species,Gut,38
OHMI:0000716,expansion of Flintibacter butyricus in gut of MDD patient compared to healthy human,bacterial change in gut of MDD patient compared to healthy human,Flintibacter butyricus up-regulated in gut of MDD patient compared to healthy human,PMID:32867257,,http://purl.obolibrary.org/obo/NCBITaxon_1417852,Haihe Wang|Jie Zheng|Yongqun He,Flintibacter butyricus,species,Gut,39
OHMI:0000717,expansion of Eisenbergiella massiliensis in gut of MDD patient compared to healthy human,bacterial change in gut of MDD patient compared to healthy human,Eisenbergiella massiliensis up-regulated in gut of MDD patient compared to healthy human,PMID:32867257,,http://purl.obolibrary.org/obo/NCBITaxon_1720294,Haihe Wang|Jie Zheng|Yongqun He,Eisenbergiella massiliensis,species,Gut,40
OHMI:0000718,expansion of Fenollaria timonensis in gut of MDD patient compared to healthy human,bacterial change in gut of MDD patient compared to healthy human,Fenollaria timonensis up-regulated in gut of MDD patient compared to healthy human,PMID:32867257,,http://purl.obolibrary.org/obo/NCBITaxon_1723384,Haihe Wang|Jie Zheng|Yongqun He,Fenollaria timonensis,species,Gut,41
OHMI:0000719,expansion of Christensenella timonensis in gut of MDD patient compared to healthy human,bacterial change in gut of MDD patient compared to healthy human,Christensenella timonensis up-regulated in gut of MDD patient compared to healthy human,PMID:32867257,,http://purl.obolibrary.org/obo/NCBITaxon_1816678,Haihe Wang|Jie Zheng|Yongqun He,Christensenella timonensis,species,Gut,42
OHMI:0000720,expansion of Escherichia in gut of MDD patient compared to healthy human,bacterial change in gut of MDD patient compared to healthy human,Escherichia up-regulated in gut of MDD patient compared to healthy human,PMID:30927646|PMID:34093266|PMID:39013880,,http://purl.obolibrary.org/obo/NCBITaxon_561,Haihe Wang|Jie Zheng|Yongqun He,Escherichia,genus ,Gut,43
OHMI:0000721,expansion of Klebsiella in gut of MDD patient compared to healthy human,bacterial change in gut of MDD patient compared to healthy human,Klebsiella up-regulated in gut of MDD patient compared to healthy human,PMID:30927646,,http://purl.obolibrary.org/obo/NCBITaxon_570,Haihe Wang|Jie Zheng|Yongqun He,Klebsiella,genus ,Gut,44
OHMI:0000722,expansion of Fusobacterium in gut of MDD patient compared to healthy human,bacterial change in gut of MDD patient compared to healthy human,Fusobacterium up-regulated in gut of MDD patient compared to healthy human,PMID:40494496,,http://purl.obolibrary.org/obo/NCBITaxon_848,Haihe Wang|Jie Zheng|Yongqun He,Fusobacterium,genus ,Gut,45
OHMI:0000723,expansion of Gammaproteobacteria in gut of MDD patient compared to healthy human,bacterial change in gut of MDD patient compared to healthy human,Gammaproteobacteria up-regulated in gut of MDD patient compared to healthy human,PMID:39013880,,http://purl.obolibrary.org/obo/NCBITaxon_1236,Haihe Wang|Jie Zheng|Yongqun He,Gammaproteobacteria,genus ,Gut,46
OHMI:0000724,expansion of Ruminococcus in gut of MDD patient compared to healthy human,bacterial change in gut of MDD patient compared to healthy human,Ruminococcus up-regulated in gut of MDD patient compared to healthy human,PMID:40552978,,http://purl.obolibrary.org/obo/NCBITaxon_1263,Haihe Wang|Jie Zheng|Yongqun He,Ruminococcus,genus ,Gut,47
OHMI:0000725,expansion of Deinococcus in gut of MDD patient compared to healthy human,bacterial change in gut of MDD patient compared to healthy human,Deinococcus up-regulated in gut of MDD patient compared to healthy human,PMID:35153660,,http://purl.obolibrary.org/obo/NCBITaxon_1298,Haihe Wang|Jie Zheng|Yongqun He,Deinococcus ,genus ,Gut,48
OHMI:0000726,expansion of Enterococcus in gut of MDD patient compared to healthy human,bacterial change in gut of MDD patient compared to healthy human,Enterococcus up-regulated in gut of MDD patient compared to healthy human,PMID:37863362,,http://purl.obolibrary.org/obo/NCBITaxon_1350,Haihe Wang|Jie Zheng|Yongqun He,Enterococcus,genus ,Gut,49
OHMI:0000727,expansion of Coriobacterium in gut of MDD patient compared to healthy human,bacterial change in gut of MDD patient compared to healthy human,Coriobacterium up-regulated in gut of MDD patient compared to healthy human,PMID:31685046,,http://purl.obolibrary.org/obo/NCBITaxon_33870,Haihe Wang|Jie Zheng|Yongqun He,Coriobacterium,genus ,Gut,50
OHMI:0000728,expansion of Slackia in gut of MDD patient compared to healthy human,bacterial change in gut of MDD patient compared to healthy human,Slackia up-regulated in gut of MDD patient compared to healthy human,PMID:31685046,,http://purl.obolibrary.org/obo/NCBITaxon_84108,Haihe Wang|Jie Zheng|Yongqun He,Slackia,genus ,Gut,51
OHMI:0000729,expansion of Enterobacterales in gut of MDD patient compared to healthy human,bacterial change in gut of MDD patient compared to healthy human,Enterobacterales up-regulated in gut of MDD patient compared to healthy human,PMID:39013880,,http://purl.obolibrary.org/obo/NCBITaxon_91347,Haihe Wang|Jie Zheng|Yongqun He,Enterobacterales,genus ,Gut,52
OHMI:0000730,expansion of Alistipes in gut of MDD patient compared to healthy human,bacterial change in gut of MDD patient compared to healthy human,Alistipes up-regulated in gut of MDD patient compared to healthy human,PMID:40041700|PMID:40621717,,http://purl.obolibrary.org/obo/NCBITaxon_239759,Haihe Wang|Jie Zheng|Yongqun He,Alistipes,genus ,Gut,53
OHMI:0000731,expansion of Odoribacter in gut of MDD patient compared to healthy human,bacterial change in gut of MDD patient compared to healthy human,Odoribacter up-regulated in gut of MDD patient compared to healthy human,PMID:35153660|PMID:40552978,,http://purl.obolibrary.org/obo/NCBITaxon_283168,Haihe Wang|Jie Zheng|Yongqun He,Odoribacter,genus ,Gut,54
OHMI:0000732,expansion of Parabacteroides in gut of MDD patient compared to healthy human,bacterial change in gut of MDD patient compared to healthy human,Parabacteroides up-regulated in gut of MDD patient compared to healthy human,PMID:34093266|PMID:40717539,,http://purl.obolibrary.org/obo/NCBITaxon_375288,Haihe Wang|Jie Zheng|Yongqun He,Parabacteroides,genus ,Gut,55
OHMI:0000733,expansion of Rothia in gut of MDD patient compared to healthy human,bacterial change in gut of MDD patient compared to healthy human,Rothia up-regulated in gut of MDD patient compared to healthy human,PMID:31685046,,http://purl.obolibrary.org/obo/NCBITaxon_508215,Haihe Wang|Jie Zheng|Yongqun He, Rothia,genus ,Gut,56
OHMI:0000734,expansion of Flavonifractor in gut of MDD patient compared to healthy human,bacterial change in gut of MDD patient compared to healthy human,Flavonifractor up-regulated in gut of MDD patient compared to healthy human,PMID:39716675,,http://purl.obolibrary.org/obo/NCBITaxon_946234,Haihe Wang|Jie Zheng|Yongqun He,Flavonifractor,genus ,Gut,57
OHMI:0000735,expansion of Intestinimonas in gut of MDD patient compared to healthy human,bacterial change in gut of MDD patient compared to healthy human,Intestinimonas up-regulated in gut of MDD patient compared to healthy human,PMID:39716675,,http://purl.obolibrary.org/obo/NCBITaxon_1392389,Haihe Wang|Jie Zheng|Yongqun He,Intestinimonas,genus ,Gut,58
OHMI:0000736,expansion of Sellimonas in gut of MDD patient compared to healthy human,bacterial change in gut of MDD patient compared to healthy human,Sellimonas up-regulated in gut of MDD patient compared to healthy human,PMID:40494496,,http://purl.obolibrary.org/obo/NCBITaxon_1769710,Haihe Wang|Jie Zheng|Yongqun He,Sellimonas,genus ,Gut,59
OHMI:0000737,expansion of Dysosmobacter in gut of MDD patient compared to healthy human,bacterial change in gut of MDD patient compared to healthy human,Dysosmobacter up-regulated in gut of MDD patient compared to healthy human,PMID:40041700,,http://purl.obolibrary.org/obo/NCBITaxon_2591381,Haihe Wang|Jie Zheng|Yongqun He,Dysosmobacter,genus ,Gut,60
OHMI:0000738,expansion of Pseudomonas in gut of MDD patient compared to healthy human,bacterial change in gut of MDD patient compared to healthy human,Pseudomonas up-regulated in gut of MDD patient compared to healthy human,PMID:30584306,,http://purl.obolibrary.org/obo/NCBITaxon_286,Haihe Wang|Jie Zheng|Yongqun He,Pseudomonas,genus,Gut,61
OHMI:0000739,expansion of Bacteroides in gut of MDD patient compared to healthy human,bacterial change in gut of MDD patient compared to healthy human,Bacteroides up-regulated in gut of MDD patient compared to healthy human,PMID:30927646|PMID:33268363|PMID:34093266|PMID:35344817|PMID:38417224|PMID:39716675|PMID:40552978,,http://purl.obolibrary.org/obo/NCBITaxon_816,Haihe Wang|Jie Zheng|Yongqun He,Bacteroides,genus,Gut,62
OHMI:0000740,expansion of Oxalobacter in gut of MDD patient compared to healthy human,bacterial change in gut of MDD patient compared to healthy human,Oxalobacter up-regulated in gut of MDD patient compared to healthy human,PMID:30584306,,http://purl.obolibrary.org/obo/NCBITaxon_846,Haihe Wang|Jie Zheng|Yongqun He,Oxalobacter,genus,Gut,63
OHMI:0000741,expansion of Megasphaera in gut of MDD patient compared to healthy human,bacterial change in gut of MDD patient compared to healthy human,Megasphaera up-regulated in gut of MDD patient compared to healthy human,PMID:37863362,,http://purl.obolibrary.org/obo/NCBITaxon_906,Haihe Wang|Jie Zheng|Yongqun He,Megasphaera,genus,Gut,64
OHMI:0000742,expansion of Peptostreptococcus in gut of MDD patient compared to healthy human,bacterial change in gut of MDD patient compared to healthy human,Peptostreptococcus up-regulated in gut of MDD patient compared to healthy human,PMID:30584306|PMID:37863362,,http://purl.obolibrary.org/obo/NCBITaxon_1257,Haihe Wang|Jie Zheng|Yongqun He, Peptostreptococcus,genus,Gut,65
OHMI:0000743,expansion of Streptococcus in gut of MDD patient compared to healthy human,bacterial change in gut of MDD patient compared to healthy human,Streptococcus up-regulated in gut of MDD patient compared to healthy human,PMID:37863362|PMID:40494496|PMID:40717539,,http://purl.obolibrary.org/obo/NCBITaxon_1301,Haihe Wang|Jie Zheng|Yongqun He,Streptococcus,genus,Gut,66
OHMI:0000744,expansion of Gemella in gut of MDD patient compared to healthy human,bacterial change in gut of MDD patient compared to healthy human,Gemella up-regulated in gut of MDD patient compared to healthy human,PMID:30584306,,http://purl.obolibrary.org/obo/NCBITaxon_1378,Haihe Wang|Jie Zheng|Yongqun He,Gemella,genus,Gut,67
OHMI:0000745,expansion of Atopobium in gut of MDD patient compared to healthy human,bacterial change in gut of MDD patient compared to healthy human,Atopobium up-regulated in gut of MDD patient compared to healthy human,PMID:31685046,,http://purl.obolibrary.org/obo/NCBITaxon_1380,Haihe Wang|Jie Zheng|Yongqun He, Atopobium,genus,Gut,68
OHMI:0000746,expansion of Actinomyces in gut of MDD patient compared to healthy human,bacterial change in gut of MDD patient compared to healthy human,Actinomyces up-regulated in gut of MDD patient compared to healthy human,PMID:40041700,,http://purl.obolibrary.org/obo/NCBITaxon_1654,Haihe Wang|Jie Zheng|Yongqun He, Actinomyces,genus,Gut,69
OHMI:0000747,expansion of Bifidobacterium in gut of MDD patient compared to healthy human,bacterial change in gut of MDD patient compared to healthy human,Bifidobacterium up-regulated in gut of MDD patient compared to healthy human,PMID:30927646|PMID:31685046|PMID:37863362|PMID:40717539,,http://purl.obolibrary.org/obo/NCBITaxon_1678,Haihe Wang|Jie Zheng|Yongqun He, Bifidobacterium,genus,Gut,70
OHMI:0000748,expansion of Leptonema in gut of MDD patient compared to healthy human,bacterial change in gut of MDD patient compared to healthy human,Leptonema up-regulated in gut of MDD patient compared to healthy human,PMID:37863362,,http://purl.obolibrary.org/obo/NCBITaxon_32205,Haihe Wang|Jie Zheng|Yongqun He,Leptonema,genus,Gut,71
OHMI:0000749,expansion of Eggerthella in gut of MDD patient compared to healthy human,bacterial change in gut of MDD patient compared to healthy human,Eggerthella up-regulated in gut of MDD patient compared to healthy human,PMID:31685046|PMID:39716675|PMID:40494496,,http://purl.obolibrary.org/obo/NCBITaxon_84111,Haihe Wang|Jie Zheng|Yongqun He,Eggerthella,genus,Gut,72
OHMI:0000750,expansion of Granulicatella in gut of MDD patient compared to healthy human,bacterial change in gut of MDD patient compared to healthy human,Granulicatella up-regulated in gut of MDD patient compared to healthy human,PMID:37863362,,http://purl.obolibrary.org/obo/NCBITaxon_117563,Haihe Wang|Jie Zheng|Yongqun He,Granulicatella,genus,Gut,73
OHMI:0000751,expansion of Bulleidia in gut of MDD patient compared to healthy human,bacterial change in gut of MDD patient compared to healthy human,Bulleidia up-regulated in gut of MDD patient compared to healthy human,PMID:30584306,,http://purl.obolibrary.org/obo/NCBITaxon_118747,Haihe Wang|Jie Zheng|Yongqun He, Bulleidia,genus,Gut,74
OHMI:0000752,expansion of Olsenella in gut of MDD patient compared to healthy human,bacterial change in gut of MDD patient compared to healthy human,Olsenella up-regulated in gut of MDD patient compared to healthy human,PMID:31685046,,http://purl.obolibrary.org/obo/NCBITaxon_133925,Haihe Wang|Jie Zheng|Yongqun He, Olsenella,genus,Gut,75
OHMI:0000753,expansion of Adlercreutzia in gut of MDD patient compared to healthy human,bacterial change in gut of MDD patient compared to healthy human,Adlercreutzia up-regulated in gut of MDD patient compared to healthy human,PMID:37863362|PMID:40552978,,http://purl.obolibrary.org/obo/NCBITaxon_447020,Haihe Wang|Jie Zheng|Yongqun He,Adlercreutzia,genus,Gut,76
OHMI:0000754,expansion of Oscillibacter in gut of MDD patient compared to healthy human,bacterial change in gut of MDD patient compared to healthy human,Oscillibacter up-regulated in gut of MDD patient compared to healthy human,PMID:30927646,,http://purl.obolibrary.org/obo/NCBITaxon_459786,Haihe Wang|Jie Zheng|Yongqun He, Oscillibacter,genus,Gut,77
OHMI:0000755,expansion of Parvimonas in gut of MDD patient compared to healthy human,bacterial change in gut of MDD patient compared to healthy human,Parvimonas up-regulated in gut of MDD patient compared to healthy human,PMID:30584306,,http://purl.obolibrary.org/obo/NCBITaxon_543311,Haihe Wang|Jie Zheng|Yongqun He,Parvimonas,genus,Gut,78
OHMI:0000756,expansion of Lachnoanaerobaculum in gut of MDD patient compared to healthy human,bacterial change in gut of MDD patient compared to healthy human,Lachnoanaerobaculum up-regulated in gut of MDD patient compared to healthy human,PMID:37863362,,http://purl.obolibrary.org/obo/NCBITaxon_1164882,Haihe Wang|Jie Zheng|Yongqun He,Lachnoanaerobaculum,genus,Gut,79
OHMI:0000757,expansion of Lachnoclostridium in gut of MDD patient compared to healthy human,bacterial change in gut of MDD patient compared to healthy human,Lachnoclostridium up-regulated in gut of MDD patient compared to healthy human,PMID:40717539,,http://purl.obolibrary.org/obo/NCBITaxon_1506553,Haihe Wang|Jie Zheng|Yongqun He,Lachnoclostridium,genus,Gut,80
OHMI:0000758,expansion of Fenollaria in gut of MDD patient compared to healthy human,bacterial change in gut of MDD patient compared to healthy human,Fenollaria up-regulated in gut of MDD patient compared to healthy human,PMID:32867257,,http://purl.obolibrary.org/obo/NCBITaxon_1686313,Haihe Wang|Jie Zheng|Yongqun He, Fenollaria,genus,Gut,81
OHMI:0000759,expansion of Ruthenibacterium in gut of MDD patient compared to healthy human,bacterial change in gut of MDD patient compared to healthy human,Ruthenibacterium up-regulated in gut of MDD patient compared to healthy human,PMID:40041700,,http://purl.obolibrary.org/obo/NCBITaxon_1905344,Haihe Wang|Jie Zheng|Yongqun He,Ruthenibacterium,genus,Gut,82
OHMI:0000760,expansion of Thomasclavelia in gut of MDD patient compared to healthy human,bacterial change in gut of MDD patient compared to healthy human,Thomasclavelia up-regulated in gut of MDD patient compared to healthy human,PMID:40041700|PMID:40494496,,http://purl.obolibrary.org/obo/NCBITaxon_3025755,Haihe Wang|Jie Zheng|Yongqun He,Thomasclavelia,genus,Gut,83
OHMI:0000761,expansion of Psychrobacter in gut of MDD patient compared to healthy human,bacterial change in gut of MDD patient compared to healthy human,Psychrobacter up-regulated in gut of MDD patient compared to healthy human,PMID:37863362,,http://purl.obolibrary.org/obo/NCBITaxon_497,Haihe Wang|Jie Zheng|Yongqun He,Psychrobacter,family,Gut,84
OHMI:0000762,expansion of Enterobacteriaceae in gut of MDD patient compared to healthy human,bacterial change in gut of MDD patient compared to healthy human,Enterobacteriaceae up-regulated in gut of MDD patient compared to healthy human,PMID:39013880|PMID:40717539,,http://purl.obolibrary.org/obo/NCBITaxon_543,Haihe Wang|Jie Zheng|Yongqun He, Enterobacteriaceae,family,Gut,85
OHMI:0000763,expansion of Streptococcaceae in gut of MDD patient compared to healthy human,bacterial change in gut of MDD patient compared to healthy human,Streptococcaceae up-regulated in gut of MDD patient compared to healthy human,PMID:39719433,,http://purl.obolibrary.org/obo/NCBITaxon_1300,Haihe Wang|Jie Zheng|Yongqun He,Streptococcaceae,family,Gut,86
OHMI:0000764,expansion of Bifidobacteriaceae in gut of MDD patient compared to healthy human,bacterial change in gut of MDD patient compared to healthy human,Bifidobacteriaceae up-regulated in gut of MDD patient compared to healthy human,PMID:40717539,,http://purl.obolibrary.org/obo/NCBITaxon_31953,Haihe Wang|Jie Zheng|Yongqun He,Bifidobacteriaceae,family,Gut,87
OHMI:0000765,expansion of Veillonellaceae in gut of MDD patient compared to healthy human,bacterial change in gut of MDD patient compared to healthy human,Veillonellaceae up-regulated in gut of MDD patient compared to healthy human,PMID:40717539,,http://purl.obolibrary.org/obo/NCBITaxon_31977,Haihe Wang|Jie Zheng|Yongqun He,Veillonellaceae,family,Gut,88
OHMI:0000766,expansion of Lactobacillaceae in gut of MDD patient compared to healthy human,bacterial change in gut of MDD patient compared to healthy human,Lactobacillaceae up-regulated in gut of MDD patient compared to healthy human,PMID:39719433,,http://purl.obolibrary.org/obo/NCBITaxon_33958,Haihe Wang|Jie Zheng|Yongqun He,Lactobacillaceae,family,Gut,89
OHMI:0000767,expansion of Flavobacteriaceae in gut of MDD patient compared to healthy human,bacterial change in gut of MDD patient compared to healthy human,Flavobacteriaceae up-regulated in gut of MDD patient compared to healthy human,PMID:32867257,,http://purl.obolibrary.org/obo/NCBITaxon_49546,Haihe Wang|Jie Zheng|Yongqun He,Flavobacteriaceae,family,Gut,90
OHMI:0000768,expansion of Rikenellaceae in gut of MDD patient compared to healthy human,bacterial change in gut of MDD patient compared to healthy human,Rikenellaceae up-regulated in gut of MDD patient compared to healthy human,PMID:34093266,,http://purl.obolibrary.org/obo/NCBITaxon_171550,Haihe Wang|Jie Zheng|Yongqun He,Rikenellaceae,family,Gut,91
OHMI:0000769,expansion of Porphyromonadaceae in gut of MDD patient compared to healthy human,bacterial change in gut of MDD patient compared to healthy human,Porphyromonadaceae up-regulated in gut of MDD patient compared to healthy human,PMID:34093266,,http://purl.obolibrary.org/obo/NCBITaxon_171551,Haihe Wang|Jie Zheng|Yongqun He,Porphyromonadaceae,family,Gut,92
OHMI:0000770,expansion of Deinococcaceae in gut of MDD patient compared to healthy human,bacterial change in gut of MDD patient compared to healthy human,Deinococcaceae up-regulated in gut of MDD patient compared to healthy human,PMID:35153660,,http://purl.obolibrary.org/obo/NCBITaxon_183710,Haihe Wang|Jie Zheng|Yongqun He, Deinococcaceae,family,Gut,93
OHMI:0000771,expansion of Paenibacillaceae in gut of MDD patient compared to healthy human,bacterial change in gut of MDD patient compared to healthy human,Paenibacillaceae up-regulated in gut of MDD patient compared to healthy human,PMID:32867257,,http://purl.obolibrary.org/obo/NCBITaxon_186822,Haihe Wang|Jie Zheng|Yongqun He,Paenibacillaceae ,family,Gut,94
OHMI:0000772,expansion of Tannerellaceae in gut of MDD patient compared to healthy human,bacterial change in gut of MDD patient compared to healthy human,Tannerellaceae up-regulated in gut of MDD patient compared to healthy human,PMID:40717539,,http://purl.obolibrary.org/obo/NCBITaxon_2005525,Haihe Wang|Jie Zheng|Yongqun He,Tannerellaceae,family,Gut,95
OHMI:0000773,expansion of Pseudomonadales in gut of MDD patient compared to healthy human,bacterial change in gut of MDD patient compared to healthy human,Pseudomonadales up-regulated in gut of MDD patient compared to healthy human,PMID:36699448,,http://purl.obolibrary.org/obo/NCBITaxon_72274,Haihe Wang|Jie Zheng|Yongqun He,Pseudomonadales,order,Gut,96
OHMI:0000774,expansion of Verrucomicrobia in gut of MDD patient compared to healthy human,bacterial change in gut of MDD patient compared to healthy human,Verrucomicrobia up-regulated in gut of MDD patient compared to healthy human,PMID:40552978,,http://purl.obolibrary.org/obo/NCBITaxon_74201,Haihe Wang|Jie Zheng|Yongqun He,Verrucomicrobia,Phylum,Gut,97
OHMI:0000775,expansion of Actinomycetota in gut of MDD patient compared to healthy human,bacterial change in gut of MDD patient compared to healthy human,Actinomycetota up-regulated in gut of MDD patient compared to healthy human,PMID:30927646|PMID:31685046|PMID:36699448|PMID:37863362,,http://purl.obolibrary.org/obo/NCBITaxon_201174,Haihe Wang|Jie Zheng|Yongqun He,Actinomycetota,Phylum,Gut,98
OHMI:0000776,expansion of Spirochaetota in gut of MDD patient compared to healthy human,bacterial change in gut of MDD patient compared to healthy human,Spirochaetota up-regulated in gut of MDD patient compared to healthy human,PMID:37863362,,http://purl.obolibrary.org/obo/NCBITaxon_203691,Haihe Wang|Jie Zheng|Yongqun He,Spirochaetota,Phylum,Gut,99
OHMI:0000777,expansion of Lentisphaerota in gut of MDD patient compared to healthy human,bacterial change in gut of MDD patient compared to healthy human,Lentisphaerota up-regulated in gut of MDD patient compared to healthy human,PMID:40552978,,http://purl.obolibrary.org/obo/NCBITaxon_256845,Haihe Wang|Jie Zheng|Yongqun He,Lentisphaerota,Phylum,Gut,100
OHMI:0000778,depletion of Enterocloster clostridioformis in gut of MDD patient compared to healthy human,bacterial change in gut of MDD patient compared to healthy human,Enterocloster clostridioformis down-regulated in gut of MDD patient compared to healthy human,PMID:39719433,http://purl.obolibrary.org/obo/NCBITaxon_1531,,Haihe Wang|Jie Zheng|Yongqun He,Enterocloster clostridioformis,species,Gut,101
OHMI:0000779,depletion of Lactobacillus sp. in gut of MDD patient compared to healthy human,bacterial change in gut of MDD patient compared to healthy human,Lactobacillus sp. down-regulated in gut of MDD patient compared to healthy human,PMID:39217732,http://purl.obolibrary.org/obo/NCBITaxon_1591,,Haihe Wang|Jie Zheng|Yongqun He,Lactobacillus sp.,species,Gut,102
OHMI:0000780,depletion of Amycolatopsis sp. in gut of MDD patient compared to healthy human,bacterial change in gut of MDD patient compared to healthy human,Amycolatopsis sp. down-regulated in gut of MDD patient compared to healthy human,PMID:41173853,http://purl.obolibrary.org/obo/NCBITaxon_37632,,Haihe Wang|Jie Zheng|Yongqun He,Amycolatopsis sp. ,species,Gut,103
OHMI:0000781,depletion of Dorea formicigenerans in gut of MDD patient compared to healthy human,bacterial change in gut of MDD patient compared to healthy human,Dorea formicigenerans down-regulated in gut of MDD patient compared to healthy human,PMID:39719433,http://purl.obolibrary.org/obo/NCBITaxon_39486,,Haihe Wang|Jie Zheng|Yongqun He,Dorea formicigenerans,species,Gut,104
OHMI:0000782,depletion of Anaerobutyricum hallii in gut of MDD patient compared to healthy human,bacterial change in gut of MDD patient compared to healthy human,Anaerobutyricum hallii down-regulated in gut of MDD patient compared to healthy human,PMID:33268363|PMID:39719433,http://purl.obolibrary.org/obo/NCBITaxon_39488,,Haihe Wang|Jie Zheng|Yongqun He,Anaerobutyricum hallii,species,Gut,105
OHMI:0000783,depletion of Eubacterium ventriosum in gut of MDD patient compared to healthy human,bacterial change in gut of MDD patient compared to healthy human,Eubacterium ventriosum down-regulated in gut of MDD patient compared to healthy human,PMID:33268363,http://purl.obolibrary.org/obo/NCBITaxon_39496,,Haihe Wang|Jie Zheng|Yongqun He,Eubacterium ventriosum,species,Gut,106
OHMI:0000784,depletion of Eubacterium xylanophilum in gut of MDD patient compared to healthy human,bacterial change in gut of MDD patient compared to healthy human,Eubacterium xylanophilum down-regulated in gut of MDD patient compared to healthy human,PMID:40717539,http://purl.obolibrary.org/obo/NCBITaxon_39497,,Haihe Wang|Jie Zheng|Yongqun He,Eubacterium xylanophilum,species,Gut,107
OHMI:0000785,depletion of Blautia obeum in gut of MDD patient compared to healthy human,bacterial change in gut of MDD patient compared to healthy human,Blautia obeum down-regulated in gut of MDD patient compared to healthy human,PMID:33268363,http://purl.obolibrary.org/obo/NCBITaxon_40520,,Haihe Wang|Jie Zheng|Yongqun He,Blautia obeum,species,Gut,108
OHMI:0000786,depletion of Fusobacterium sp. in gut of MDD patient compared to healthy human,bacterial change in gut of MDD patient compared to healthy human,Fusobacterium sp. down-regulated in gut of MDD patient compared to healthy human,PMID:39217732,http://purl.obolibrary.org/obo/NCBITaxon_68766,,Haihe Wang|Jie Zheng|Yongqun He,Fusobacterium sp.,species,Gut,109
OHMI:0000787,depletion of Shewanella livingstonensis in gut of MDD patient compared to healthy human,bacterial change in gut of MDD patient compared to healthy human,Shewanella livingstonensis down-regulated in gut of MDD patient compared to healthy human,PMID:41173853,http://purl.obolibrary.org/obo/NCBITaxon_150120,,Haihe Wang|Jie Zheng|Yongqun He,Shewanella livingstonensis,species,Gut,110
OHMI:0000788,depletion of Phocaeicola plebeius in gut of MDD patient compared to healthy human,bacterial change in gut of MDD patient compared to healthy human,Phocaeicola plebeius down-regulated in gut of MDD patient compared to healthy human,PMID:39719433,http://purl.obolibrary.org/obo/NCBITaxon_310297,,Haihe Wang|Jie Zheng|Yongqun He,Phocaeicola plebeius,species,Gut,111
OHMI:0000789,depletion of Phocaeicola coprocola in gut of MDD patient compared to healthy human,bacterial change in gut of MDD patient compared to healthy human,Phocaeicola coprocola down-regulated in gut of MDD patient compared to healthy human,PMID:39719433,http://purl.obolibrary.org/obo/NCBITaxon_310298,,Haihe Wang|Jie Zheng|Yongqun He,Phocaeicola coprocola,species,Gut,112
OHMI:0000790,depletion of Blautia wexlerae in gut of MDD patient compared to healthy human,bacterial change in gut of MDD patient compared to healthy human,Blautia wexlerae down-regulated in gut of MDD patient compared to healthy human,PMID:33268363,http://purl.obolibrary.org/obo/NCBITaxon_418240,,Haihe Wang|Jie Zheng|Yongqun He,Blautia wexlerae,species,Gut,113
OHMI:0000791,depletion of Megamonas funiformis in gut of MDD patient compared to healthy human,bacterial change in gut of MDD patient compared to healthy human,Megamonas funiformis down-regulated in gut of MDD patient compared to healthy human,PMID:39719433,http://purl.obolibrary.org/obo/NCBITaxon_437897,,Haihe Wang|Jie Zheng|Yongqun He,Megamonas funiformis,species,Gut,114
OHMI:0000792,depletion of Anaerostipes hadrus in gut of MDD patient compared to healthy human,bacterial change in gut of MDD patient compared to healthy human,Anaerostipes hadrus down-regulated in gut of MDD patient compared to healthy human,PMID:39719433,http://purl.obolibrary.org/obo/NCBITaxon_649756,,Haihe Wang|Jie Zheng|Yongqun He,Anaerostipes hadrus,species,Gut,115
OHMI:0000793,depletion of Fusicatenibacter saccharivorans in gut of MDD patient compared to healthy human,bacterial change in gut of MDD patient compared to healthy human,Fusicatenibacter saccharivorans down-regulated in gut of MDD patient compared to healthy human,PMID:39719433,http://purl.obolibrary.org/obo/NCBITaxon_1150298,,Haihe Wang|Jie Zheng|Yongqun He,Fusicatenibacter saccharivorans,species,Gut,116
OHMI:0000794,depletion of Streptococcus rubneri in gut of MDD patient compared to healthy human,bacterial change in gut of MDD patient compared to healthy human,Streptococcus rubneri down-regulated in gut of MDD patient compared to healthy human,PMID:39719433,http://purl.obolibrary.org/obo/NCBITaxon_1234680,,Haihe Wang|Jie Zheng|Yongqun He,Streptococcus rubneri,species,Gut,117
OHMI:0000795,depletion of Clostridium sp. CAG:217 in gut of MDD patient compared to healthy human,bacterial change in gut of MDD patient compared to healthy human,Clostridium sp. CAG:217 down-regulated in gut of MDD patient compared to healthy human,PMID:33268363,http://purl.obolibrary.org/obo/NCBITaxon_1262779,,Haihe Wang|Jie Zheng|Yongqun He,Clostridium sp. CAG:217,species,Gut,118
OHMI:0000796,depletion of Clostridium sp. CAG:510 in gut of MDD patient compared to healthy human,bacterial change in gut of MDD patient compared to healthy human,Clostridium sp. CAG:510 down-regulated in gut of MDD patient compared to healthy human,PMID:33268363,http://purl.obolibrary.org/obo/NCBITaxon_1262816,,Haihe Wang|Jie Zheng|Yongqun He,Clostridium sp. CAG:510,species,Gut,119
OHMI:0000797,depletion of Clostridium sp. CAG:62 in gut of MDD patient compared to healthy human,bacterial change in gut of MDD patient compared to healthy human,Clostridium sp. CAG:62 down-regulated in gut of MDD patient compared to healthy human,PMID:33268363,http://purl.obolibrary.org/obo/NCBITaxon_1262828,,Haihe Wang|Jie Zheng|Yongqun He,Clostridium sp. CAG:62,species,Gut,120
OHMI:0000798,depletion of Eubacterium sp. CAG:156 in gut of MDD patient compared to healthy human,bacterial change in gut of MDD patient compared to healthy human,Eubacterium sp. CAG:156 down-regulated in gut of MDD patient compared to healthy human,PMID:33268363,http://purl.obolibrary.org/obo/NCBITaxon_1262880,,Haihe Wang|Jie Zheng|Yongqun He,Eubacterium sp. CAG:156,species,Gut,121
OHMI:0000799,depletion of Eubacterium sp. CAG:202 in gut of MDD patient compared to healthy human,bacterial change in gut of MDD patient compared to healthy human,Eubacterium sp. CAG:202 down-regulated in gut of MDD patient compared to healthy human,PMID:33268363,http://purl.obolibrary.org/obo/NCBITaxon_1262884,,Haihe Wang|Jie Zheng|Yongqun He,Eubacterium sp. CAG:202,species,Gut,122
OHMI:0000800,depletion of Romboutsia timonensis in gut of MDD patient compared to healthy human,bacterial change in gut of MDD patient compared to healthy human,Romboutsia timonensis down-regulated in gut of MDD patient compared to healthy human,PMID:39719433,http://purl.obolibrary.org/obo/NCBITaxon_1776391,,Haihe Wang|Jie Zheng|Yongqun He,Romboutsia timonensis,species,Gut,123
OHMI:0000801,depletion of Paraglaciecola sp. in gut of MDD patient compared to healthy human,bacterial change in gut of MDD patient compared to healthy human,Paraglaciecola sp. down-regulated in gut of MDD patient compared to healthy human,PMID:41173853,http://purl.obolibrary.org/obo/NCBITaxon_1920173,,Haihe Wang|Jie Zheng|Yongqun He,Paraglaciecola sp.,species,Gut,124
OHMI:0000802,depletion of Nannocystis sp. in gut of MDD patient compared to healthy human,bacterial change in gut of MDD patient compared to healthy human,Nannocystis sp. down-regulated in gut of MDD patient compared to healthy human,PMID:41173853,http://purl.obolibrary.org/obo/NCBITaxon_1962667,,Haihe Wang|Jie Zheng|Yongqun He,Nannocystis sp. ,species,Gut,125
OHMI:0000803,depletion of Faecalibacillus intestinalis in gut of MDD patient compared to healthy human,bacterial change in gut of MDD patient compared to healthy human,Faecalibacillus intestinalis down-regulated in gut of MDD patient compared to healthy human,PMID:39719433,http://purl.obolibrary.org/obo/NCBITaxon_1982626,,Haihe Wang|Jie Zheng|Yongqun He,Faecalibacillus intestinalis,species,Gut,126
OHMI:0000804,depletion of Bacteroidaceae bacterium in gut of MDD patient compared to healthy human,bacterial change in gut of MDD patient compared to healthy human,Bacteroidaceae bacterium down-regulated in gut of MDD patient compared to healthy human,PMID:39719433,http://purl.obolibrary.org/obo/NCBITaxon_2212467,,Haihe Wang|Jie Zheng|Yongqun He,Bacteroidaceae bacterium,species,Gut,127
OHMI:0000805,depletion of Gordonia insulae in gut of MDD patient compared to healthy human,bacterial change in gut of MDD patient compared to healthy human,Gordonia insulae down-regulated in gut of MDD patient compared to healthy human,PMID:41173853,http://purl.obolibrary.org/obo/NCBITaxon_2420509,,Haihe Wang|Jie Zheng|Yongqun He,Gordonia insulae,species,Gut,128
OHMI:0000806,depletion of Arsenophonus apicola in gut of MDD patient compared to healthy human,bacterial change in gut of MDD patient compared to healthy human,Arsenophonus apicola down-regulated in gut of MDD patient compared to healthy human,PMID:41173853,http://purl.obolibrary.org/obo/NCBITaxon_2879119,,Haihe Wang|Jie Zheng|Yongqun He,Arsenophonus apicola,species,Gut,129
OHMI:0000807,depletion of Bacteroidetes helcogenes in gut of MDD patient compared to healthy human,bacterial change in gut of MDD patient compared to healthy human,Bacteroidetes helcogenes down-regulated in gut of MDD patient compared to healthy human,PMID:30927646,http://purl.obolibrary.org/obo/NCBITaxon_290053,,Haihe Wang|Jie Zheng|Yongqun He,Bacteroidetes helcogenes,species,Gut,130
OHMI:0000808,depletion of Haemophilus parainfluenzae T3T1 in gut of MDD patient compared to healthy human,bacterial change in gut of MDD patient compared to healthy human,Haemophilus parainfluenzae T3T1 down-regulated in gut of MDD patient compared to healthy human,PMID:30927646,http://purl.obolibrary.org/obo/NCBITaxon_862965,,Haihe Wang|Jie Zheng|Yongqun He, Haemophilus parainfluenzae T3T1,species,Gut,131
OHMI:0000809,depletion of Enterobacter in gut of MDD patient compared to healthy human,bacterial change in gut of MDD patient compared to healthy human,Enterobacter down-regulated in gut of MDD patient compared to healthy human,PMID:35153660,http://purl.obolibrary.org/obo/NCBITaxon_547,,Haihe Wang|Jie Zheng|Yongqun He, Enterobacter,genus ,Gut,132
OHMI:0000810,depletion of Prevotella in gut of MDD patient compared to healthy human,bacterial change in gut of MDD patient compared to healthy human,Prevotella down-regulated in gut of MDD patient compared to healthy human,PMID:34093266|PMID:35344817|PMID:39716675|PMID:40494496|PMID:40552978|PMID:39013880,http://purl.obolibrary.org/obo/NCBITaxon_838,,Haihe Wang|Jie Zheng|Yongqun He,Prevotella,genus ,Gut,133
OHMI:0000811,depletion of Thauera in gut of MDD patient compared to healthy human,bacterial change in gut of MDD patient compared to healthy human,Thauera down-regulated in gut of MDD patient compared to healthy human,PMID:37863362,http://purl.obolibrary.org/obo/NCBITaxon_33057,,Haihe Wang|Jie Zheng|Yongqun He,Thauera,genus ,Gut,134
OHMI:0000812,depletion of Dialister in gut of MDD patient compared to healthy human,bacterial change in gut of MDD patient compared to healthy human,Dialister down-regulated in gut of MDD patient compared to healthy human,PMID:40494496,http://purl.obolibrary.org/obo/NCBITaxon_39948,,Haihe Wang|Jie Zheng|Yongqun He,Dialister,genus ,Gut,135
OHMI:0000813,depletion of Pseudobutyrivibrio in gut of MDD patient compared to healthy human,bacterial change in gut of MDD patient compared to healthy human,Pseudobutyrivibrio down-regulated in gut of MDD patient compared to healthy human,PMID:40041700,http://purl.obolibrary.org/obo/NCBITaxon_46205,,Haihe Wang|Jie Zheng|Yongqun He,Pseudobutyrivibrio,genus ,Gut,136
OHMI:0000814,depletion of Anaerostipes in gut of MDD patient compared to healthy human,bacterial change in gut of MDD patient compared to healthy human,Anaerostipes down-regulated in gut of MDD patient compared to healthy human,PMID:39716675,http://purl.obolibrary.org/obo/NCBITaxon_207244,,Haihe Wang|Jie Zheng|Yongqun He, Anaerostipes,genus ,Gut,137
OHMI:0000815,depletion of Faecalibacterium in gut of MDD patient compared to healthy human,bacterial change in gut of MDD patient compared to healthy human,Faecalibacterium down-regulated in gut of MDD patient compared to healthy human,PMID:34589003|PMID:38417224,http://purl.obolibrary.org/obo/NCBITaxon_216851,,Haihe Wang|Jie Zheng|Yongqun He,Faecalibacterium,genus ,Gut,138
OHMI:0000816,depletion of Barnesiella in gut of MDD patient compared to healthy human,bacterial change in gut of MDD patient compared to healthy human,Barnesiella down-regulated in gut of MDD patient compared to healthy human,PMID:39716675,http://purl.obolibrary.org/obo/NCBITaxon_397864,,Haihe Wang|Jie Zheng|Yongqun He,Barnesiella,genus ,Gut,139
OHMI:0000817,depletion of Paraprevotella in gut of MDD patient compared to healthy human,bacterial change in gut of MDD patient compared to healthy human,Paraprevotella down-regulated in gut of MDD patient compared to healthy human,PMID:39716675,http://purl.obolibrary.org/obo/NCBITaxon_577309,,Haihe Wang|Jie Zheng|Yongqun He,Paraprevotella,genus ,Gut,140
OHMI:0000818,depletion of Lachnospira in gut of MDD patient compared to healthy human,bacterial change in gut of MDD patient compared to healthy human,Lachnospira down-regulated in gut of MDD patient compared to healthy human,PMID:38972643,http://purl.obolibrary.org/obo/NCBITaxon_28050,,Haihe Wang|Jie Zheng|Yongqun He,Lachnospira,genus,Gut,141
OHMI:0000819,depletion of Sutterella in gut of MDD patient compared to healthy human,bacterial change in gut of MDD patient compared to healthy human,Sutterella down-regulated in gut of MDD patient compared to healthy human,PMID:37863362,http://purl.obolibrary.org/obo/NCBITaxon_40544,,Haihe Wang|Jie Zheng|Yongqun He,Sutterella,genus,Gut,142
OHMI:0000820,depletion of Weissella in gut of MDD patient compared to healthy human,bacterial change in gut of MDD patient compared to healthy human,Weissella down-regulated in gut of MDD patient compared to healthy human,PMID:37863362,http://purl.obolibrary.org/obo/NCBITaxon_46255,,Haihe Wang|Jie Zheng|Yongqun He,Weissella,genus,Gut,143
OHMI:0000821,depletion of Dorea in gut of MDD patient compared to healthy human,bacterial change in gut of MDD patient compared to healthy human,Dorea down-regulated in gut of MDD patient compared to healthy human,PMID:30584306,http://purl.obolibrary.org/obo/NCBITaxon_189330,,Haihe Wang|Jie Zheng|Yongqun He,Dorea,genus,Gut,144
OHMI:0000822,depletion of Butyricicoccus in gut of MDD patient compared to healthy human,bacterial change in gut of MDD patient compared to healthy human,Butyricicoccus down-regulated in gut of MDD patient compared to healthy human,PMID:37863362,http://purl.obolibrary.org/obo/NCBITaxon_580596,,Haihe Wang|Jie Zheng|Yongqun He,Butyricicoccus,genus,Gut,145
OHMI:0000823,depletion of Agathobacter in gut of MDD patient compared to healthy human,bacterial change in gut of MDD patient compared to healthy human,Agathobacter down-regulated in gut of MDD patient compared to healthy human,PMID:39013880,http://purl.obolibrary.org/obo/NCBITaxon_1766253,,Haihe Wang|Jie Zheng|Yongqun He,Agathobacter,genus,Gut,146
OHMI:0000824,depletion of Clostridiaceae in gut of MDD patient compared to healthy human,bacterial change in gut of MDD patient compared to healthy human,Clostridiaceae down-regulated in gut of MDD patient compared to healthy human,PMID:30584306|PMID:35153660|PMID:39719433|PMID:40717539,http://purl.obolibrary.org/obo/NCBITaxon_31979,,Haihe Wang|Jie Zheng|Yongqun He,Clostridiaceae,family,Gut,147
OHMI:0000825,depletion of Prevotellaceae in gut of MDD patient compared to healthy human,bacterial change in gut of MDD patient compared to healthy human,Prevotellaceae down-regulated in gut of MDD patient compared to healthy human,PMID:34093266|PMID:39013880,http://purl.obolibrary.org/obo/NCBITaxon_171552,,Haihe Wang|Jie Zheng|Yongqun He,Prevotellaceae,family,Gut,148
OHMI:0000826,depletion of Lachnospiraceae in gut of MDD patient compared to healthy human,bacterial change in gut of MDD patient compared to healthy human,Lachnospiraceae down-regulated in gut of MDD patient compared to healthy human,PMID:30584306,http://purl.obolibrary.org/obo/NCBITaxon_186803,,Haihe Wang|Jie Zheng|Yongqun He,Lachnospiraceae,family,Gut,149
OHMI:0000827,depletion of Ruminococcaceae in gut of MDD patient compared to healthy human,bacterial change in gut of MDD patient compared to healthy human,Ruminococcaceae down-regulated in gut of MDD patient compared to healthy human,PMID:30584306,http://purl.obolibrary.org/obo/NCBITaxon_216572,,Haihe Wang|Jie Zheng|Yongqun He,Ruminococcaceae,family,Gut,150
OHMI:0000828,depletion of Christensenellaceae in gut of MDD patient compared to healthy human,bacterial change in gut of MDD patient compared to healthy human,Christensenellaceae down-regulated in gut of MDD patient compared to healthy human,PMID:40717539,http://purl.obolibrary.org/obo/NCBITaxon_990719,,Haihe Wang|Jie Zheng|Yongqun He,Christensenellaceae,family,Gut,151
OHMI:0000829,depletion of Barnesiellaceae in gut of MDD patient compared to healthy human,bacterial change in gut of MDD patient compared to healthy human,Barnesiellaceae down-regulated in gut of MDD patient compared to healthy human,PMID:35153660,http://purl.obolibrary.org/obo/NCBITaxon_2005519,,Haihe Wang|Jie Zheng|Yongqun He,Barnesiellaceae,family,Gut,152
OHMI:0000830,depletion of Turicibacteraceae in gut of MDD patient compared to healthy human,bacterial change in gut of MDD patient compared to healthy human,Turicibacteraceae down-regulated in gut of MDD patient compared to healthy human,PMID:35153660,http://purl.obolibrary.org/obo/NCBITaxon_2810281,,Haihe Wang|Jie Zheng|Yongqun He,Turicibacteraceae,family,Gut,153
OHMI:0000831,depletion of Hyphomicrobiales in gut of MDD patient compared to healthy human,bacterial change in gut of MDD patient compared to healthy human,Hyphomicrobiales down-regulated in gut of MDD patient compared to healthy human,PMID:36699448,http://purl.obolibrary.org/obo/NCBITaxon_356,,Haihe Wang|Jie Zheng|Yongqun He,Hyphomicrobiales,order,Gut,154
OHMI:0000832,depletion of Mollicutes in gut of MDD patient compared to healthy human,bacterial change in gut of MDD patient compared to healthy human,Mollicutes down-regulated in gut of MDD patient compared to healthy human,PMID:36699448,http://purl.obolibrary.org/obo/NCBITaxon_31969,,Haihe Wang|Jie Zheng|Yongqun He,Mollicutes,class,Gut,155
OHMI:0000833,depletion of Planctomycetes in gut of MDD patient compared to healthy human,bacterial change in gut of MDD patient compared to healthy human,Planctomycetes down-regulated in gut of MDD patient compared to healthy human,PMID:37863362,http://purl.obolibrary.org/obo/NCBITaxon_203682,,Haihe Wang|Jie Zheng|Yongqun He,Planctomycetes,Phylum,Gut,156
OHMI:0000834,depletion of Mycoplasmatota in gut of MDD patient compared to healthy human,bacterial change in gut of MDD patient compared to healthy human,Mycoplasmatota down-regulated in gut of MDD patient compared to healthy human,PMID:36699448,http://purl.obolibrary.org/obo/NCBITaxon_544448,,Haihe Wang|Jie Zheng|Yongqun He,Mycoplasmatota,phylum,Gut,157
OHMI:0000835,expansion of Porphyromonas in gut of active-phase MDD patient compared to remission-phase MDD patient,bacterial change in gut of active-phase MDD patient compared to remission-phase MDD patient,Porphyromonas up-regulated in gut of active-phase MDD patient compared to remission-phase MDD patient,PMID:35899051,,http://purl.obolibrary.org/obo/NCBITaxon_836,Haihe Wang|Jie Zheng|Yongqun He,Porphyromonas,genus ,Gut,158
OHMI:0000836,expansion of Phascolarctobacterium in gut of active-phase MDD patient compared to healthy human,bacterial change in gut of active-phase MDD patient compared to healthy human,Phascolarctobacterium up-regulated in gut of active-phase MDD patient compared to healthy human,PMID:2588291235750110,,http://purl.obolibrary.org/obo/NCBITaxon_33024,Haihe Wang|Jie Zheng|Yongqun He,Phascolarctobacterium,genus ,Gut,159
OHMI:0000837,expansion of Streptococcus in gut of active-phase MDD patient compared to remission-phase MDD patient,bacterial change in gut of active-phase MDD patient compared to remission-phase MDD patient,Streptococcus up-regulated in gut of active-phase MDD patient compared to remission-phase MDD patient,PMID:35750110,,http://purl.obolibrary.org/obo/NCBITaxon_1301,Haihe Wang|Jie Zheng|Yongqun He,Streptococcus,genus ,Gut,160
OHMI:0000838,expansion of Bilophila in gut of active-phase MDD patient compared to remission-phase MDD patient,bacterial change in gut of active-phase MDD patient compared to remission-phase MDD patient,Bilophila up-regulated in gut of active-phase MDD patient compared to remission-phase MDD patient,PMID:34934041|PMID:35899051,,http://purl.obolibrary.org/obo/NCBITaxon_35832,Haihe Wang|Jie Zheng|Yongqun He, Bilophila,genus ,Gut,161
OHMI:0000839,expansion of Alistipes in gut of active-phase MDD patient compared to remission-phase MDD patient,bacterial change in gut of active-phase MDD patient compared to remission-phase MDD patient,Alistipes up-regulated in gut of active-phase MDD patient compared to remission-phase MDD patient,PMID:25882912|PMID:34934041|PMID:35899051,,http://purl.obolibrary.org/obo/NCBITaxon_239759,Haihe Wang|Jie Zheng|Yongqun He,Alistipes ,genus  ,Gut,162
OHMI:0000840,expansion of Akkermansia in gut of active-phase MDD patient compared to remission-phase MDD patient,bacterial change in gut of active-phase MDD patient compared to remission-phase MDD patient,Akkermansia up-regulated in gut of active-phase MDD patient compared to remission-phase MDD patient,PMID:35750110,,http://purl.obolibrary.org/obo/NCBITaxon_239934,Haihe Wang|Jie Zheng|Yongqun He,Akkermansia,genus ,Gut,163
OHMI:0000841,expansion of Anaerotruncus in gut of active-phase MDD patient compared to remission-phase MDD patient,bacterial change in gut of active-phase MDD patient compared to remission-phase MDD patient,Anaerotruncus up-regulated in gut of active-phase MDD patient compared to remission-phase MDD patient,PMID:35899051,,http://purl.obolibrary.org/obo/NCBITaxon_244127,Haihe Wang|Jie Zheng|Yongqun He,Anaerotruncus,genus ,Gut,164
OHMI:0000842,expansion of Acetanaerobacterium in gut of active-phase MDD patient compared to remission-phase MDD patient,bacterial change in gut of active-phase MDD patient compared to remission-phase MDD patient,Acetanaerobacterium up-regulated in gut of active-phase MDD patient compared to remission-phase MDD patient,PMID:35899051,,http://purl.obolibrary.org/obo/NCBITaxon_258514,Haihe Wang|Jie Zheng|Yongqun He,Acetanaerobacterium,genus ,Gut,165
OHMI:0000843,expansion of Odoribacter in gut of active-phase MDD patient compared to remission-phase MDD patient,bacterial change in gut of active-phase MDD patient compared to remission-phase MDD patient,Odoribacter up-regulated in gut of active-phase MDD patient compared to remission-phase MDD patient,PMID:35899051,,http://purl.obolibrary.org/obo/NCBITaxon_283168,Haihe Wang|Jie Zheng|Yongqun He,Odoribacter,genus ,Gut,166
OHMI:0000844,expansion of Parabacteroides in gut of active-phase MDD patient compared to remission-phase MDD patient,bacterial change in gut of active-phase MDD patient compared to remission-phase MDD patient,Parabacteroides up-regulated in gut of active-phase MDD patient compared to remission-phase MDD patient,PMID:25882912|PMID:35899051,,http://purl.obolibrary.org/obo/NCBITaxon_375288,Haihe Wang|Jie Zheng|Yongqun He,Parabacteroides,genus ,Gut,167
OHMI:0000845,expansion of Oscillibacter in gut of active-phase MDD patient compared to remission-phase MDD patient,bacterial change in gut of active-phase MDD patient compared to remission-phase MDD patient,Oscillibacter up-regulated in gut of active-phase MDD patient compared to remission-phase MDD patient,PMID:25882912,,http://purl.obolibrary.org/obo/NCBITaxon_459786,Haihe Wang|Jie Zheng|Yongqun He,Oscillibacter,genus ,Gut,168
OHMI:0000846,expansion of Butyricimonas in gut of active-phase MDD patient compared to remission-phase MDD patient,bacterial change in gut of active-phase MDD patient compared to remission-phase MDD patient,Butyricimonas up-regulated in gut of active-phase MDD patient compared to remission-phase MDD patient,PMID:35899051,,http://purl.obolibrary.org/obo/NCBITaxon_574697,Haihe Wang|Jie Zheng|Yongqun He,Butyricimonas,genus ,Gut,169
OHMI:0000847,expansion of Parasutterella in gut of active-phase MDD patient compared to healthy human,bacterial change in gut of active-phase MDD patient compared to healthy human,Parasutterella up-regulated in gut of active-phase MDD patient compared to healthy human,PMID:25882912,,http://purl.obolibrary.org/obo/NCBITaxon_577310,Haihe Wang|Jie Zheng|Yongqun He,Parasutterella,genus ,Gut,170
OHMI:0000848,expansion of Flavonifractor in gut of active-phase MDD patient compared to healthy human,bacterial change in gut of active-phase MDD patient compared to healthy human,Flavonifractor up-regulated in gut of active-phase MDD patient compared to healthy human,PMID:35899051,,http://purl.obolibrary.org/obo/NCBITaxon_946234,Haihe Wang|Jie Zheng|Yongqun He,Flavonifractor,genus ,Gut,171
OHMI:0000849,expansion of Megasphaera in gut of active-phase MDD patient compared to healthy human,bacterial change in gut of active-phase MDD patient compared to healthy human,Megasphaera up-regulated in gut of active-phase MDD patient compared to healthy human,PMID:35899051,,http://purl.obolibrary.org/obo/NCBITaxon_906,Haihe Wang|Jie Zheng|Yongqun He,Megasphaera,genus,Gut,172
OHMI:0000850,expansion of Eggerthella in gut of active-phase MDD patient compared to remission-phase MDD patient,bacterial change in gut of active-phase MDD patient compared to remission-phase MDD patient,Eggerthella up-regulated in gut of active-phase MDD patient compared to remission-phase MDD patient,PMID:35899051,,http://purl.obolibrary.org/obo/NCBITaxon_84111,Haihe Wang|Jie Zheng|Yongqun He,Eggerthella,genus,Gut,173
OHMI:0000851,expansion of Peptoniphilus in gut of active-phase MDD patient compared to healthy human,bacterial change in gut of active-phase MDD patient compared to healthy human,Peptoniphilus up-regulated in gut of active-phase MDD patient compared to healthy human,PMID:35899051,,http://purl.obolibrary.org/obo/NCBITaxon_162289,Haihe Wang|Jie Zheng|Yongqun He,Peptoniphilus,genus,Gut,174
OHMI:0000852,expansion of Enterobacteriaceae in gut of active-phase MDD patient compared to remission-phase MDD patient,bacterial change in gut of active-phase MDD patient compared to remission-phase MDD patient,Enterobacteriaceae up-regulated in gut of active-phase MDD patient compared to remission-phase MDD patient,PMID:25882912,,http://purl.obolibrary.org/obo/NCBITaxon_543,Haihe Wang|Jie Zheng|Yongqun He,Enterobacteriaceae,family,Gut,175
OHMI:0000853,expansion of Rikenellaceae in gut of active-phase MDD patient compared to healthy human,bacterial change in gut of active-phase MDD patient compared to healthy human,Rikenellaceae up-regulated in gut of active-phase MDD patient compared to healthy human,PMID:25882912,,http://purl.obolibrary.org/obo/NCBITaxon_171550,Haihe Wang|Jie Zheng|Yongqun He,Rikenellaceae,family,Gut,176
OHMI:0000854,expansion of Porphyromonadaceae in gut of active-phase MDD patient compared to healthy human,bacterial change in gut of active-phase MDD patient compared to healthy human,Porphyromonadaceae up-regulated in gut of active-phase MDD patient compared to healthy human,PMID:25882912,,http://purl.obolibrary.org/obo/NCBITaxon_171551,Haihe Wang|Jie Zheng|Yongqun He,Porphyromonadaceae,family,Gut,177
OHMI:0000855,expansion of Fusobacteriaceae in gut of active-phase MDD patient compared to healthy human,bacterial change in gut of active-phase MDD patient compared to healthy human,Fusobacteriaceae up-regulated in gut of active-phase MDD patient compared to healthy human,PMID:25882912,,http://purl.obolibrary.org/obo/NCBITaxon_203492,Haihe Wang|Jie Zheng|Yongqun He,Fusobacteriaceae,family,Gut,178
OHMI:0000856,expansion of Acidaminococcaceae in gut of active-phase MDD patient compared to healthy human,bacterial change in gut of active-phase MDD patient compared to healthy human,Acidaminococcaceae up-regulated in gut of active-phase MDD patient compared to healthy human,PMID:25882912,,http://purl.obolibrary.org/obo/NCBITaxon_909930,Haihe Wang|Jie Zheng|Yongqun He,Acidaminococcaceae,family,Gut,179
OHMI:0000857,expansion of Bacteroidota in gut of active-phase MDD patient compared to remission-phase MDD patient,bacterial change in gut of active-phase MDD patient compared to remission-phase MDD patient,Bacteroidota up-regulated in gut of active-phase MDD patient compared to remission-phase MDD patient,PMID:25882912,,http://purl.obolibrary.org/obo/NCBITaxon_976,Haihe Wang|Jie Zheng|Yongqun He,Bacteroidota,Phylum,Gut,180
OHMI:0000858,expansion of Pseudomonadota in gut of active-phase MDD patient compared to remission-phase MDD patient,bacterial change in gut of active-phase MDD patient compared to remission-phase MDD patient,Pseudomonadota up-regulated in gut of active-phase MDD patient compared to remission-phase MDD patient,PMID:25882912,,http://purl.obolibrary.org/obo/NCBITaxon_1224,Haihe Wang|Jie Zheng|Yongqun He,Pseudomonadota,Phylum,Gut,181
OHMI:0000859,expansion of Actinomycetota in gut of active-phase MDD patient compared to remission-phase MDD patient,bacterial change in gut of active-phase MDD patient compared to remission-phase MDD patient,Actinomycetota up-regulated in gut of active-phase MDD patient compared to remission-phase MDD patient,PMID:25882912,,http://purl.obolibrary.org/obo/NCBITaxon_201174,Haihe Wang|Jie Zheng|Yongqun He,Actinomycetota,Phylum,Gut,182
OHMI:0000860,depletion of Bacteroides fragilis in gut of active-phase MDD patient compared to remission-phase MDD patient,bacterial change in gut of active-phase MDD patient compared to remission-phase MDD patient,Bacteroides fragilis down-regulated in gut of active-phase MDD patient compared to remission-phase MDD patient,PMID:35750110,http://purl.obolibrary.org/obo/NCBITaxon_817,,Haihe Wang|Jie Zheng|Yongqun He,Bacteroides fragilis,species,Gut,183
OHMI:0000861,depletion of Phocaeicola plebeius in gut of active-phase MDD patient compared to remission-phase MDD patient,bacterial change in gut of active-phase MDD patient compared to remission-phase MDD patient,Phocaeicola plebeius down-regulated in gut of active-phase MDD patient compared to remission-phase MDD patient,PMID:35750110,http://purl.obolibrary.org/obo/NCBITaxon_310297,,Haihe Wang|Jie Zheng|Yongqun He,Phocaeicola plebeius,species,Gut,184
OHMI:0000862,depletion of Klebsiella in gut of active-phase MDD patient compared to remission-phase MDD patient,bacterial change in gut of active-phase MDD patient compared to remission-phase MDD patient,Klebsiella down-regulated in gut of active-phase MDD patient compared to remission-phase MDD patient,PMID:35899051,http://purl.obolibrary.org/obo/NCBITaxon_570,,Haihe Wang|Jie Zheng|Yongqun He,Klebsiella,genus ,Gut,185
OHMI:0000863,depletion of Bacteroides in gut of active-phase MDD patient compared to healthy human,bacterial change in gut of active-phase MDD patient compared to healthy human,Bacteroides down-regulated in gut of active-phase MDD patient compared to healthy human,PMID:25882912,http://purl.obolibrary.org/obo/NCBITaxon_816,,Haihe Wang|Jie Zheng|Yongqun He,Bacteroides,genus ,Gut,186
OHMI:0000864,depletion of Prevotella in gut of active-phase MDD patient compared to remission-phase MDD patient,bacterial change in gut of active-phase MDD patient compared to remission-phase MDD patient,Prevotella down-regulated in gut of active-phase MDD patient compared to remission-phase MDD patient,PMID:25882912|PMID:35899051,http://purl.obolibrary.org/obo/NCBITaxon_838,,Haihe Wang|Jie Zheng|Yongqun He,Prevotella,genus ,Gut,187
OHMI:0000865,depletion of Ruminococcus in gut of active-phase MDD patient compared to remission-phase MDD patient,bacterial change in gut of active-phase MDD patient compared to remission-phase MDD patient,Ruminococcus down-regulated in gut of active-phase MDD patient compared to remission-phase MDD patient,PMID:25882912,http://purl.obolibrary.org/obo/NCBITaxon_1263,,Haihe Wang|Jie Zheng|Yongqun He,Ruminococcus,genus ,Gut,188
OHMI:0000866,depletion of Dialister in gut of active-phase MDD patient compared to remission-phase MDD patient,bacterial change in gut of active-phase MDD patient compared to remission-phase MDD patient,Dialister down-regulated in gut of active-phase MDD patient compared to remission-phase MDD patient,PMID:25882912,http://purl.obolibrary.org/obo/NCBITaxon_39948,,Haihe Wang|Jie Zheng|Yongqun He,Dialister,genus ,Gut,189
OHMI:0000867,depletion of Victivallis in gut of active-phase MDD patient compared to remission-phase MDD patient,bacterial change in gut of active-phase MDD patient compared to remission-phase MDD patient,Victivallis down-regulated in gut of active-phase MDD patient compared to remission-phase MDD patient,PMID:35899051,http://purl.obolibrary.org/obo/NCBITaxon_172900,,Haihe Wang|Jie Zheng|Yongqun He,Victivallis,genus ,Gut,190
OHMI:0000868,depletion of Anaerostipes in gut of active-phase MDD patient compared to remission-phase MDD patient,bacterial change in gut of active-phase MDD patient compared to remission-phase MDD patient,Anaerostipes down-regulated in gut of active-phase MDD patient compared to remission-phase MDD patient,PMID:34934041,http://purl.obolibrary.org/obo/NCBITaxon_207244,,Haihe Wang|Jie Zheng|Yongqun He, Anaerostipes,genus ,Gut,191
OHMI:0000869,depletion of Faecalibacterium in gut of active-phase MDD patient compared to remission-phase MDD patient,bacterial change in gut of active-phase MDD patient compared to remission-phase MDD patient,Faecalibacterium down-regulated in gut of active-phase MDD patient compared to remission-phase MDD patient,PMID:25882912,http://purl.obolibrary.org/obo/NCBITaxon_216851,,Haihe Wang|Jie Zheng|Yongqun He,Faecalibacterium,genus ,Gut,192
OHMI:0000870,depletion of Hydrogenoanaerobacterium in gut of active-phase MDD patient compared to healthy human,bacterial change in gut of active-phase MDD patient compared to healthy human,Hydrogenoanaerobacterium down-regulated in gut of active-phase MDD patient compared to healthy human,PMID:35899051,http://purl.obolibrary.org/obo/NCBITaxon_596767,,Haihe Wang|Jie Zheng|Yongqun He,Hydrogenoanaerobacterium,genus ,Gut,193
OHMI:0000871,depletion of Gordonibacter in gut of active-phase MDD patient compared to remission-phase MDD patient,bacterial change in gut of active-phase MDD patient compared to remission-phase MDD patient,Gordonibacter down-regulated in gut of active-phase MDD patient compared to remission-phase MDD patient,PMID:35899051,http://purl.obolibrary.org/obo/NCBITaxon_644652,,Haihe Wang|Jie Zheng|Yongqun He,Gordonibacter,genus ,Gut,194
OHMI:0000872,depletion of Lactococcus in gut of active-phase MDD patient compared to healthy human,bacterial change in gut of active-phase MDD patient compared to healthy human,Lactococcus down-regulated in gut of active-phase MDD patient compared to healthy human,PMID:35899051,http://purl.obolibrary.org/obo/NCBITaxon_1357,,Haihe Wang|Jie Zheng|Yongqun He,Lactococcus,genus,Gut,195
OHMI:0000873,depletion of Sutterella in gut of active-phase MDD patient compared to healthy human,bacterial change in gut of active-phase MDD patient compared to healthy human,Sutterella down-regulated in gut of active-phase MDD patient compared to healthy human,PMID:35899051,http://purl.obolibrary.org/obo/NCBITaxon_40544,,Haihe Wang|Jie Zheng|Yongqun He,Sutterella,genus,Gut,196
OHMI:0000874,depletion of Dorea in gut of active-phase MDD patient compared to remission-phase MDD patient,bacterial change in gut of active-phase MDD patient compared to remission-phase MDD patient,Dorea down-regulated in gut of active-phase MDD patient compared to remission-phase MDD patient,PMID:35899051,http://purl.obolibrary.org/obo/NCBITaxon_189330,,Haihe Wang|Jie Zheng|Yongqun He,Dorea,genus,Gut,197
OHMI:0000875,depletion of Enterorhabdus in gut of active-phase MDD patient compared to healthy human,bacterial change in gut of active-phase MDD patient compared to healthy human,Enterorhabdus down-regulated in gut of active-phase MDD patient compared to healthy human,PMID:35899051,http://purl.obolibrary.org/obo/NCBITaxon_580024,,Haihe Wang|Jie Zheng|Yongqun He,Enterorhabdus,genus,Gut,198
OHMI:0000876,depletion of Pyramidobacter in gut of active-phase MDD patient compared to healthy human,bacterial change in gut of active-phase MDD patient compared to healthy human,Pyramidobacter down-regulated in gut of active-phase MDD patient compared to healthy human,PMID:35899051,http://purl.obolibrary.org/obo/NCBITaxon_638847,,Haihe Wang|Jie Zheng|Yongqun He,Pyramidobacter,genus,Gut,199
OHMI:0000877,depletion of Erysipelotrichaceae in gut of active-phase MDD patient compared to healthy human,bacterial change in gut of active-phase MDD patient compared to healthy human,Erysipelotrichaceae down-regulated in gut of active-phase MDD patient compared to healthy human,PMID:25882912,http://purl.obolibrary.org/obo/NCBITaxon_128827,,Haihe Wang|Jie Zheng|Yongqun He,Erysipelotrichaceae,family,Gut,200
OHMI:0000878,depletion of Prevotellaceae in gut of active-phase MDD patient compared to healthy human,bacterial change in gut of active-phase MDD patient compared to healthy human,Prevotellaceae down-regulated in gut of active-phase MDD patient compared to healthy human,PMID:25882912,http://purl.obolibrary.org/obo/NCBITaxon_171552,,Haihe Wang|Jie Zheng|Yongqun He,Prevotellaceae,family,Gut,201
OHMI:0000879,depletion of Lachnospiraceae in gut of active-phase MDD patient compared to healthy human,bacterial change in gut of active-phase MDD patient compared to healthy human,Lachnospiraceae down-regulated in gut of active-phase MDD patient compared to healthy human,PMID:25882912,http://purl.obolibrary.org/obo/NCBITaxon_186803,,Haihe Wang|Jie Zheng|Yongqun He,Lachnospiraceae,family,Gut,202
OHMI:0000880,depletion of Ruminococcaceae in gut of active-phase MDD patient compared to remission-phase MDD patient,bacterial change in gut of active-phase MDD patient compared to remission-phase MDD patient,Ruminococcaceae down-regulated in gut of active-phase MDD patient compared to remission-phase MDD patient,PMID:25882912,http://purl.obolibrary.org/obo/NCBITaxon_216572,,Haihe Wang|Jie Zheng|Yongqun He,Ruminococcaceae,family,Gut,203
OHMI:0000881,depletion of Firmicutes in gut of active-phase MDD patient compared to remission-phase MDD patient,bacterial change in gut of active-phase MDD patient compared to remission-phase MDD patient,Firmicutes down-regulated in gut of active-phase MDD patient compared to remission-phase MDD patient,PMID:25882912,http://purl.obolibrary.org/obo/NCBITaxon_1239,,Haihe Wang|Jie Zheng|Yongqun He,Firmicutes,Phylum,Gut,204
OHMI:0000882,expansion of Bacteroides caccae in gut of female MDD patient compared to healthy human,bacterial change in gut of female MDD patient compared to healthy human,Bacteroides caccae up-regulated in gut of female MDD patient compared to healthy human,PMID:33421868,,http://purl.obolibrary.org/obo/NCBITaxon_47678,Haihe Wang|Jie Zheng|Yongqun He,Bacteroides caccae,species,Gut,205
OHMI:0000883,expansion of Alistipes finegoldii in gut of female MDD patient compared to healthy human,bacterial change in gut of female MDD patient compared to healthy human,Alistipes finegoldii up-regulated in gut of female MDD patient compared to healthy human,PMID:33421868,,http://purl.obolibrary.org/obo/NCBITaxon_214856,Haihe Wang|Jie Zheng|Yongqun He,Alistipes finegoldii,species,Gut,206
OHMI:0000884,expansion of Alistipes onderdonkii in gut of female MDD patient compared to healthy human,bacterial change in gut of female MDD patient compared to healthy human,Alistipes onderdonkii up-regulated in gut of female MDD patient compared to healthy human,PMID:33421868,,http://purl.obolibrary.org/obo/NCBITaxon_328813,Haihe Wang|Jie Zheng|Yongqun He,Alistipes onderdonkii,species,Gut,207
OHMI:0000885,expansion of Barnesiella intestinihominis in gut of female MDD patient compared to healthy human,bacterial change in gut of female MDD patient compared to healthy human,Barnesiella intestinihominis up-regulated in gut of female MDD patient compared to healthy human,PMID:33421868,,http://purl.obolibrary.org/obo/NCBITaxon_487174,Haihe Wang|Jie Zheng|Yongqun He,Barnesiella intestinihominis,species,Gut,208
OHMI:0000886,expansion of Campylobacter in gut of female MDD patient compared to healthy human,bacterial change in gut of female MDD patient compared to healthy human,Campylobacter up-regulated in gut of female MDD patient compared to healthy human,PMID:33421868,,http://purl.obolibrary.org/obo/NCBITaxon_194,Haihe Wang|Jie Zheng|Yongqun He,Campylobacter,genus ,Gut,209
OHMI:0000887,expansion of Alistipes in gut of female MDD patient compared to healthy human,bacterial change in gut of female MDD patient compared to healthy human,Alistipes up-regulated in gut of female MDD patient compared to healthy human,PMID:33421868,,http://purl.obolibrary.org/obo/NCBITaxon_239759,Haihe Wang|Jie Zheng|Yongqun He,Alistipes,genus ,Gut,210
OHMI:0000888,expansion of Anaerotruncus in gut of female MDD patient compared to healthy human,bacterial change in gut of female MDD patient compared to healthy human,Anaerotruncus up-regulated in gut of female MDD patient compared to healthy human,PMID:33421868,,http://purl.obolibrary.org/obo/NCBITaxon_244127,Haihe Wang|Jie Zheng|Yongqun He,Anaerotruncus,genus ,Gut,211
OHMI:0000889,expansion of Parabacteroides in gut of female MDD patient compared to healthy human,bacterial change in gut of female MDD patient compared to healthy human,Parabacteroides up-regulated in gut of female MDD patient compared to healthy human,PMID:33421868,,http://purl.obolibrary.org/obo/NCBITaxon_375288,Haihe Wang|Jie Zheng|Yongqun He,Parabacteroides,genus ,Gut,212
OHMI:0000890,expansion of Barnesiella in gut of female MDD patient compared to healthy human,bacterial change in gut of female MDD patient compared to healthy human,Barnesiella up-regulated in gut of female MDD patient compared to healthy human,PMID:33421868,,http://purl.obolibrary.org/obo/NCBITaxon_397864,Haihe Wang|Jie Zheng|Yongqun He,Barnesiella,genus ,Gut,213
OHMI:0000891,expansion of Flavonifractor in gut of female MDD patient compared to healthy human,bacterial change in gut of female MDD patient compared to healthy human,Flavonifractor up-regulated in gut of female MDD patient compared to healthy human,PMID:33421868,,http://purl.obolibrary.org/obo/NCBITaxon_946234,Haihe Wang|Jie Zheng|Yongqun He,Flavonifractor,genus ,Gut,214
OHMI:0000892,expansion of Desulfovibrio in gut of female MDD patient compared to healthy human,bacterial change in gut of female MDD patient compared to healthy human,Desulfovibrio up-regulated in gut of female MDD patient compared to healthy human,PMID:29520144,,http://purl.obolibrary.org/obo/NCBITaxon_872,Haihe Wang|Jie Zheng|Yongqun He,Desulfovibrio,genus,Gut,215
OHMI:0000893,expansion of Atopobium in gut of female MDD patient compared to healthy human,bacterial change in gut of female MDD patient compared to healthy human,Atopobium up-regulated in gut of female MDD patient compared to healthy human,PMID:29520144,,http://purl.obolibrary.org/obo/NCBITaxon_1380,Haihe Wang|Jie Zheng|Yongqun He, Atopobium,genus,Gut,216
OHMI:0000894,expansion of Actinomyces in gut of female MDD patient compared to healthy human,bacterial change in gut of female MDD patient compared to healthy human,Actinomyces up-regulated in gut of female MDD patient compared to healthy human,PMID:29520144,,http://purl.obolibrary.org/obo/NCBITaxon_1654,Haihe Wang|Jie Zheng|Yongqun He, Actinomyces,genus,Gut,217
OHMI:0000895,expansion of Bifidobacterium in gut of female MDD patient compared to healthy human,bacterial change in gut of female MDD patient compared to healthy human,Bifidobacterium up-regulated in gut of female MDD patient compared to healthy human,PMID:29520144,,http://purl.obolibrary.org/obo/NCBITaxon_1678,Haihe Wang|Jie Zheng|Yongqun He, Bifidobacterium,genus,Gut,218
OHMI:0000896,expansion of Eggerthella in gut of female MDD patient compared to healthy human,bacterial change in gut of female MDD patient compared to healthy human,Eggerthella up-regulated in gut of female MDD patient compared to healthy human,PMID:29520144,,http://purl.obolibrary.org/obo/NCBITaxon_84111,Haihe Wang|Jie Zheng|Yongqun He,Eggerthella,genus,Gut,219
OHMI:0000897,expansion of Olsenella in gut of female MDD patient compared to healthy human,bacterial change in gut of female MDD patient compared to healthy human,Olsenella up-regulated in gut of female MDD patient compared to healthy human,PMID:29520144,,http://purl.obolibrary.org/obo/NCBITaxon_133925,Haihe Wang|Jie Zheng|Yongqun He, Olsenella,genus,Gut,220
OHMI:0000898,expansion of Asaccharobacter in gut of female MDD patient compared to healthy human,bacterial change in gut of female MDD patient compared to healthy human,Asaccharobacter up-regulated in gut of female MDD patient compared to healthy human,PMID:29520144,,http://purl.obolibrary.org/obo/NCBITaxon_553372,Haihe Wang|Jie Zheng|Yongqun He, Asaccharobacter,genus,Gut,221
OHMI:0000899,expansion of Gordonibacter in gut of female MDD patient compared to healthy human,bacterial change in gut of female MDD patient compared to healthy human,Gordonibacter up-regulated in gut of female MDD patient compared to healthy human,PMID:29520144,,http://purl.obolibrary.org/obo/NCBITaxon_644652,Haihe Wang|Jie Zheng|Yongqun He,Gordonibacter,genus,Gut,222
OHMI:0000900,expansion of Enterobacteriaceae in gut of female MDD patient compared to healthy human,bacterial change in gut of female MDD patient compared to healthy human,Enterobacteriaceae up-regulated in gut of female MDD patient compared to healthy human,PMID:33421868,,http://purl.obolibrary.org/obo/NCBITaxon_543,Haihe Wang|Jie Zheng|Yongqun He,Enterobacteriaceae,family,Gut,223
OHMI:0000901,expansion of Corynebacteriaceae in gut of female MDD patient compared to healthy human,bacterial change in gut of female MDD patient compared to healthy human,Corynebacteriaceae up-regulated in gut of female MDD patient compared to healthy human,PMID:33421868,,http://purl.obolibrary.org/obo/NCBITaxon_1653,Haihe Wang|Jie Zheng|Yongqun He,Corynebacteriaceae,family,Gut,224
OHMI:0000902,expansion of Campylobacteraceae in gut of female MDD patient compared to healthy human,bacterial change in gut of female MDD patient compared to healthy human,Campylobacteraceae up-regulated in gut of female MDD patient compared to healthy human,PMID:33421868,,http://purl.obolibrary.org/obo/NCBITaxon_72294,Haihe Wang|Jie Zheng|Yongqun He,Campylobacteraceae,family,Gut,225
OHMI:0000903,expansion of Coriobacteriaceae in gut of female MDD patient compared to healthy human,bacterial change in gut of female MDD patient compared to healthy human,Coriobacteriaceae up-regulated in gut of female MDD patient compared to healthy human,PMID:29520144,,http://purl.obolibrary.org/obo/NCBITaxon_84107,Haihe Wang|Jie Zheng|Yongqun He,Coriobacteriaceae,family,Gut,226
OHMI:0000904,expansion of Burkholderiaceae in gut of female MDD patient compared to healthy human,bacterial change in gut of female MDD patient compared to healthy human,Burkholderiaceae up-regulated in gut of female MDD patient compared to healthy human,PMID:33421868,,http://purl.obolibrary.org/obo/NCBITaxon_119060,Haihe Wang|Jie Zheng|Yongqun He,Burkholderiaceae,family,Gut,227
OHMI:0000905,expansion of Tannerellaceae in gut of female MDD patient compared to healthy human,bacterial change in gut of female MDD patient compared to healthy human,Tannerellaceae up-regulated in gut of female MDD patient compared to healthy human,PMID:33421868,,http://purl.obolibrary.org/obo/NCBITaxon_2005525,Haihe Wang|Jie Zheng|Yongqun He,Tannerellaceae,family,Gut,228
OHMI:0000906,expansion of Bacteroidetes in gut of female MDD patient compared to healthy human,bacterial change in gut of female MDD patient compared to healthy human,Bacteroidetes up-regulated in gut of female MDD patient compared to healthy human,PMID:33421868,,http://purl.obolibrary.org/obo/NCBITaxon_976,Haihe Wang|Jie Zheng|Yongqun He,Bacteroidetes,Phylum,Gut,229
OHMI:0000907,expansion of Fusobacteria in gut of female MDD patient compared to healthy human,bacterial change in gut of female MDD patient compared to healthy human,Fusobacteria up-regulated in gut of female MDD patient compared to healthy human,PMID:33421868,,http://purl.obolibrary.org/obo/NCBITaxon_32066,Haihe Wang|Jie Zheng|Yongqun He,Fusobacteria,Phylum,Gut,230
OHMI:0000908,depletion of Faecalibacterium prausnitzii in gut of female MDD patient compared to healthy human,bacterial change in gut of female MDD patient compared to healthy human,Faecalibacterium prausnitzii down-regulated in gut of female MDD patient compared to healthy human,PMID:33421868,http://purl.obolibrary.org/obo/NCBITaxon_853,,Haihe Wang|Jie Zheng|Yongqun He,Faecalibacterium prausnitzii,species,Gut,231
OHMI:0000909,depletion of Agathobacter rectalis in gut of female MDD patient compared to healthy human,bacterial change in gut of female MDD patient compared to healthy human,Agathobacter rectalis down-regulated in gut of female MDD patient compared to healthy human,PMID:33421868,http://purl.obolibrary.org/obo/NCBITaxon_39491,,Haihe Wang|Jie Zheng|Yongqun He,Agathobacter rectalis,species,Gut,232
OHMI:0000910,depletion of Roseburia homini in gut of female MDD patient compared to healthy human,bacterial change in gut of female MDD patient compared to healthy human,Roseburia homini down-regulated in gut of female MDD patient compared to healthy human,PMID:33421868,http://purl.obolibrary.org/obo/NCBITaxon_301301,,Haihe Wang|Jie Zheng|Yongqun He,Roseburia hominis,species,Gut,233
OHMI:0000911,depletion of Roseburia inulinivorans in gut of female MDD patient compared to healthy human,bacterial change in gut of female MDD patient compared to healthy human,Roseburia inulinivorans down-regulated in gut of female MDD patient compared to healthy human,PMID:33421868,http://purl.obolibrary.org/obo/NCBITaxon_360807,,Haihe Wang|Jie Zheng|Yongqun He,Roseburia inulinivorans,species,Gut,234
OHMI:0000912,depletion of Sutterella in gut of female MDD patient compared to healthy human,bacterial change in gut of female MDD patient compared to healthy human,Sutterella down-regulated in gut of female MDD patient compared to healthy human,PMID:29520144,http://purl.obolibrary.org/obo/NCBITaxon_40544,,Haihe Wang|Jie Zheng|Yongqun He,Sutterella,genus ,Gut,235
OHMI:0000913,depletion of Faecalibacterium in gut of female MDD patient compared to healthy human,bacterial change in gut of female MDD patient compared to healthy human,Faecalibacterium down-regulated in gut of female MDD patient compared to healthy human,PMID:33421868,http://purl.obolibrary.org/obo/NCBITaxon_216851,,Haihe Wang|Jie Zheng|Yongqun He,Faecalibacterium,genus ,Gut,236
OHMI:0000914,depletion of Howardella in gut of female MDD patient compared to healthy human,bacterial change in gut of female MDD patient compared to healthy human,Howardella down-regulated in gut of female MDD patient compared to healthy human,PMID:29520144,http://purl.obolibrary.org/obo/NCBITaxon_404402,,Haihe Wang|Jie Zheng|Yongqun He,Howardella,genus ,Gut,237
OHMI:0000915,depletion of Pyramidobacter in gut of female MDD patient compared to healthy human,bacterial change in gut of female MDD patient compared to healthy human,Pyramidobacter down-regulated in gut of female MDD patient compared to healthy human,PMID:29520144,http://purl.obolibrary.org/obo/NCBITaxon_638847,,Haihe Wang|Jie Zheng|Yongqun He,Pyramidobacter,genus,Gut,238
OHMI:0000916,depletion of Firmicutes in gut of female MDD patient compared to healthy human,bacterial change in gut of female MDD patient compared to healthy human,Firmicutes down-regulated in gut of female MDD patient compared to healthy human,PMID:33421868,http://purl.obolibrary.org/obo/NCBITaxon_1239,,Haihe Wang|Jie Zheng|Yongqun He,Firmicutes,Phylum,Gut,239
OHMI:0000917,expansion of Akkermansia in gut of adolescent MDD patient compared to healthy human,bacterial change in gut of adolescent MDD patient compared to healthy human,Akkermansia up-regulated in gut of adolescent MDD patient compared to healthy human,PMID:40390033,,http://purl.obolibrary.org/obo/NCBITaxon_239934,Haihe Wang|Jie Zheng|Yongqun He, Akkermansia,genus ,Gut,240
OHMI:0000918,expansion of Barnesiella in gut of adolescent MDD patient compared to healthy human,bacterial change in gut of adolescent MDD patient compared to healthy human,Barnesiella up-regulated in gut of adolescent MDD patient compared to healthy human,PMID:41339503,,http://purl.obolibrary.org/obo/NCBITaxon_397864,Haihe Wang|Jie Zheng|Yongqun He,Barnesiella,genus ,Gut,241
OHMI:0000919,expansion of Parasutterella in gut of adolescent MDD patient compared to healthy human,bacterial change in gut of adolescent MDD patient compared to healthy human,Parasutterella up-regulated in gut of adolescent MDD patient compared to healthy human,PMID:41339503,,http://purl.obolibrary.org/obo/NCBITaxon_577310,Haihe Wang|Jie Zheng|Yongqun He,Parasutterella,genus ,Gut,242
OHMI:0000920,expansion of Intestinimonas in gut of adolescent MDD patient compared to healthy human,bacterial change in gut of adolescent MDD patient compared to healthy human,Intestinimonas up-regulated in gut of adolescent MDD patient compared to healthy human,PMID:41339503,,http://purl.obolibrary.org/obo/NCBITaxon_1392389,Haihe Wang|Jie Zheng|Yongqun He,Intestinimonas,genus ,Gut,243
OHMI:0000921,expansion of Lawsonibacter in gut of adolescent MDD patient compared to healthy human,bacterial change in gut of adolescent MDD patient compared to healthy human,Lawsonibacter up-regulated in gut of adolescent MDD patient compared to healthy human,PMID:41339503,,http://purl.obolibrary.org/obo/NCBITaxon_2172004,Haihe Wang|Jie Zheng|Yongqun He,Lawsonibacter,genus ,Gut,244
OHMI:0000922,expansion of Eggerthellaceae in gut of adolescent MDD patient compared to healthy human,bacterial change in gut of adolescent MDD patient compared to healthy human,Eggerthellaceae up-regulated in gut of adolescent MDD patient compared to healthy human,PMID:40390033,,http://purl.obolibrary.org/obo/NCBITaxon_1643826,Haihe Wang|Jie Zheng|Yongqun He,Eggerthellaceae,family,Gut,245
OHMI:0000923,expansion of Bacteroidetes in gut of adolescent MDD patient compared to healthy human,bacterial change in gut of adolescent MDD patient compared to healthy human,Bacteroidetes up-regulated in gut of adolescent MDD patient compared to healthy human,PMID:33421868,,http://purl.obolibrary.org/obo/NCBITaxon_976,Haihe Wang|Jie Zheng|Yongqun He,Bacteroidetes,Phylum,Gut,246
OHMI:0000924,depletion of Bifidobacterium animalis in gut of adolescent MDD patient compared to healthy human,bacterial change in gut of adolescent MDD patient compared to healthy human,Bifidobacterium animalis down-regulated in gut of adolescent MDD patient compared to healthy human,PMID:40390033,http://purl.obolibrary.org/obo/NCBITaxon_28025,,Haihe Wang|Jie Zheng|Yongqun He,Bifidobacterium animalis ,species,Gut,247
OHMI:0000925,depletion of Haemophilus in gut of adolescent MDD patient compared to healthy human,bacterial change in gut of adolescent MDD patient compared to healthy human,Haemophilus down-regulated in gut of adolescent MDD patient compared to healthy human,PMID:41339503,http://purl.obolibrary.org/obo/NCBITaxon_724,,Haihe Wang|Jie Zheng|Yongqun He,Haemophilus,genus ,Gut,248
OHMI:0000926,depletion of Dialister in gut of adolescent MDD patient compared to healthy human,bacterial change in gut of adolescent MDD patient compared to healthy human,Dialister down-regulated in gut of adolescent MDD patient compared to healthy human,PMID:41339503,http://purl.obolibrary.org/obo/NCBITaxon_39948,,Haihe Wang|Jie Zheng|Yongqun He,Dialister,genus ,Gut,249
OHMI:0000927,depletion of Solobacterium in gut of adolescent MDD patient compared to healthy human,bacterial change in gut of adolescent MDD patient compared to healthy human,Solobacterium down-regulated in gut of adolescent MDD patient compared to healthy human,PMID:41339503,http://purl.obolibrary.org/obo/NCBITaxon_123375,,Haihe Wang|Jie Zheng|Yongqun He,Solobacterium,genus ,Gut,250
OHMI:0000928,depletion of Faecalibacterium in gut of adolescent MDD patient compared to healthy human,bacterial change in gut of adolescent MDD patient compared to healthy human,Faecalibacterium down-regulated in gut of adolescent MDD patient compared to healthy human,PMID:40390033,http://purl.obolibrary.org/obo/NCBITaxon_216851,,Haihe Wang|Jie Zheng|Yongqun He,Faecalibacterium,genus ,Gut,251
OHMI:0000929,depletion of Collinsella in gut of adolescent MDD patient compared to healthy human,bacterial change in gut of adolescent MDD patient compared to healthy human,Collinsella down-regulated in gut of adolescent MDD patient compared to healthy human,PMID:41339503,http://purl.obolibrary.org/obo/NCBITaxon_102106,,Haihe Wang|Jie Zheng|Yongqun He,Collinsella,genus,Gut,252
OHMI:0000930,depletion of Hungatella in gut of adolescent MDD patient compared to healthy human,bacterial change in gut of adolescent MDD patient compared to healthy human,Hungatella down-regulated in gut of adolescent MDD patient compared to healthy human,PMID:41339503,http://purl.obolibrary.org/obo/NCBITaxon_1649459,,Haihe Wang|Jie Zheng|Yongqun He,Hungatella,genus,Gut,253
OHMI:0000931,depletion of Agathobaculum in gut of adolescent MDD patient compared to healthy human,bacterial change in gut of adolescent MDD patient compared to healthy human,Agathobaculum down-regulated in gut of adolescent MDD patient compared to healthy human,PMID:41339503,http://purl.obolibrary.org/obo/NCBITaxon_2048137,,Haihe Wang|Jie Zheng|Yongqun He,Agathobaculum,genus,Gut,254
OHMI:0000932,depletion of Firmicutes in gut of adolescent MDD patient compared to healthy human,bacterial change in gut of adolescent MDD patient compared to healthy human,Firmicutes down-regulated in gut of adolescent MDD patient compared to healthy human,PMID:33421868,http://purl.obolibrary.org/obo/NCBITaxon_1239,,Haihe Wang|Jie Zheng|Yongqun He,Firmicutes,Phylum,Gut,255